Date,Time,Tank,Genet,Alive,Dying/Dead,Removed,Floating,N,Splitting
9/26/23,15:00,1,A,14,0,0,0,14,0
9/26/23,15:00,1,B,16,0,0,0,16,0
9/26/23,15:00,1,C,9,0,0,0,9,0
9/26/23,15:00,1,D,18,0,0,0,18,0
9/26/23,15:00,1,E,21,0,0,0,21,0
9/26/23,15:00,2,A,10,0,0,0,10,0
9/26/23,15:00,2,B,17,0,0,0,17,0
9/26/23,15:00,2,C,8,0,0,0,8,0
9/26/23,15:00,2,D,18,0,0,0,18,0
9/26/23,15:00,2,E,21,0,0,0,21,0
9/26/23,15:00,3,A,11,0,0,0,11,0
9/26/23,15:00,3,B,15,0,0,0,15,0
9/26/23,15:00,3,C,9,0,0,0,9,0
9/26/23,15:00,3,D,18,0,0,0,18,0
9/26/23,15:00,3,E,19,0,0,0,19,0
9/26/23,15:00,4,A,10,0,0,0,10,0
9/26/23,15:00,4,B,15,0,0,0,15,0
9/26/23,15:00,4,C,8,0,0,0,8,0
9/26/23,15:00,4,D,17,0,0,0,17,0
9/26/23,15:00,4,E,18,0,0,0,18,0
9/26/23,15:00,5,A,10,0,0,0,10,0
9/26/23,15:00,5,B,15,0,0,0,15,0
9/26/23,15:00,5,C,8,0,0,0,8,0
9/26/23,15:00,5,D,20,0,0,0,20,0
9/26/23,15:00,5,E,20,0,0,0,20,0
9/26/23,15:00,6,A,11,0,0,0,11,0
9/26/23,15:00,6,B,17,0,0,0,17,0
9/26/23,15:00,6,C,9,0,0,0,9,0
9/26/23,15:00,6,D,18,0,0,0,18,0
9/26/23,15:00,6,E,21,0,0,0,21,0
9/26/23,15:00,7,A,12,0,0,0,12,0
9/26/23,15:00,7,B,16,0,0,0,16,0
9/26/23,15:00,7,C,10,0,0,0,10,0
9/26/23,15:00,7,D,18,0,0,0,18,0
9/26/23,15:00,7,E,20,0,0,0,20,0
9/26/23,15:00,8,A,10,0,0,0,10,0
9/26/23,15:00,8,B,17,0,0,0,17,0
9/26/23,15:00,8,C,8,0,0,0,8,0
9/26/23,15:00,8,D,21,0,0,0,21,0
9/26/23,15:00,8,E,23,0,0,0,23,0
9/26/23,15:00,9,A,10,0,0,0,10,0
9/26/23,15:00,9,B,14,0,0,0,14,0
9/26/23,15:00,9,C,8,0,0,0,8,0
9/26/23,15:00,9,D,18,0,0,0,18,0
9/26/23,15:00,9,E,17,0,0,0,17,0
9/26/23,15:00,10,A,12,0,0,0,12,0
9/26/23,15:00,10,B,14,0,0,0,14,0
9/26/23,15:00,10,C,8,0,0,0,8,0
9/26/23,15:00,10,D,18,0,0,0,18,0
9/26/23,15:00,10,E,20,0,0,0,20,0
9/26/23,15:00,11,A,10,0,0,0,10,0
9/26/23,15:00,11,B,14,0,0,0,14,0
9/26/23,15:00,11,C,10,0,0,0,10,0
9/26/23,15:00,11,D,19,0,0,0,19,0
9/26/23,15:00,11,E,18,0,0,0,18,0
9/26/23,15:00,12,A,13,0,0,0,13,0
9/26/23,15:00,12,B,15,0,0,0,15,0
9/26/23,15:00,12,C,9,0,0,0,9,0
9/26/23,15:00,12,D,18,0,0,0,18,0
9/26/23,15:00,12,E,22,0,0,0,22,0
9/26/23,15:00,13,A,10,0,0,0,10,0
9/26/23,15:00,13,B,16,0,0,0,16,0
9/26/23,15:00,13,C,10,0,0,0,10,0
9/26/23,15:00,13,D,19,0,0,0,19,1
9/26/23,15:00,13,E,19,0,0,0,19,0
9/26/23,15:00,14,A,11,0,0,0,11,0
9/26/23,15:00,14,B,16,0,0,0,16,0
9/26/23,15:00,14,C,8,0,0,0,8,0
9/26/23,15:00,14,D,16,0,0,0,16,0
9/26/23,15:00,14,E,19,0,0,0,19,0
9/26/23,15:00,15,A,10,0,0,0,10,0
9/26/23,15:00,15,B,16,0,0,0,16,0
9/26/23,15:00,15,C,7,0,0,0,7,0
9/26/23,15:00,15,D,17,0,0,0,17,0
9/26/23,15:00,15,E,20,0,0,0,20,3
10/1/23,19:30,1,A,15,0,0,0,15,0
10/1/23,19:30,1,B,18,0,0,0,18,0
10/1/23,19:30,1,C,9,0,0,0,9,0
10/1/23,19:30,1,D,18,0,0,0,18,0
10/1/23,19:30,1,E,21,0,0,0,21,0
10/1/23,19:30,2,A,11,0,0,0,11,0
10/1/23,19:30,2,B,17,0,0,0,17,0
10/1/23,19:30,2,C,8,0,0,0,8,0
10/1/23,19:30,2,D,19,0,0,0,19,0
10/1/23,19:30,2,E,25,0,0,0,25,3
10/1/23,19:30,3,A,13,0,0,0,13,0
10/1/23,19:30,3,B,15,0,0,0,15,0
10/1/23,19:30,3,C,10,0,0,0,10,0
10/1/23,19:30,3,D,18,0,0,0,18,0
10/1/23,19:30,3,E,19,0,0,0,19,0
10/1/23,19:30,4,A,10,0,0,0,10,1
10/1/23,19:30,4,B,15,0,0,0,15,0
10/1/23,19:30,4,C,9,0,0,0,9,1
10/1/23,19:30,4,D,17,0,0,0,17,1
10/1/23,19:30,4,E,19,0,0,0,19,1
10/1/23,19:30,5,A,10,0,0,0,10,0
10/1/23,19:30,5,B,15,0,0,0,15,1
10/1/23,19:30,5,C,8,0,0,0,8,0
10/1/23,19:30,5,D,20,0,0,0,20,0
10/1/23,19:30,5,E,21,0,0,0,21,0
10/1/23,19:30,6,A,11,0,0,0,11,1
10/1/23,19:30,6,B,18,0,0,0,18,1
10/1/23,19:30,6,C,10,0,0,0,10,1
10/1/23,19:30,6,D,19,0,0,0,19,1
10/1/23,19:30,6,E,22,0,0,0,22,0
10/1/23,19:30,7,A,14,0,0,0,14,1
10/1/23,19:30,7,B,17,0,0,0,17,1
10/1/23,19:30,7,C,10,0,0,0,10,1
10/1/23,19:30,7,D,18,0,0,0,18,2
10/1/23,19:30,7,E,20,0,0,0,20,1
10/1/23,19:30,8,A,11,0,0,0,11,0
10/1/23,19:30,8,B,22,0,0,0,22,0
10/1/23,19:30,8,C,7,0,0,0,7,0
10/1/23,19:30,8,D,22,0,0,0,22,0
10/1/23,19:30,8,E,22,0,0,0,22,0
10/1/23,19:30,9,A,11,0,0,0,11,0
10/1/23,19:30,9,B,15,0,0,0,15,0
10/1/23,19:30,9,C,10,0,0,0,10,0
10/1/23,19:30,9,D,19,0,0,0,19,0
10/1/23,19:30,9,E,17,0,0,0,17,0
10/1/23,19:30,10,A,12,0,0,0,12,1
10/1/23,19:30,10,B,16,0,0,0,16,1
10/1/23,19:30,10,C,9,0,0,0,9,0
10/1/23,19:30,10,D,20,0,0,0,20,1
10/1/23,19:30,10,E,22,0,0,0,22,1
10/1/23,19:30,11,A,10,0,0,0,10,1
10/1/23,19:30,11,B,14,0,0,0,14,0
10/1/23,19:30,11,C,11,0,0,0,11,0
10/1/23,19:30,11,D,19,0,0,0,19,1
10/1/23,19:30,11,E,19,0,0,0,19,1
10/1/23,19:30,12,A,13,0,0,0,13,2
10/1/23,19:30,12,B,15,0,0,0,15,1
10/1/23,19:30,12,C,8,0,0,0,8,1
10/1/23,19:30,12,D,19,0,0,0,19,0
10/1/23,19:30,12,E,23,0,0,0,23,1
10/1/23,19:30,13,A,11,0,0,0,11,0
10/1/23,19:30,13,B,16,0,0,0,16,0
10/1/23,19:30,13,C,10,0,0,0,10,0
10/1/23,19:30,13,D,20,0,0,0,20,0
10/1/23,19:30,13,E,19,0,0,0,19,0
10/1/23,19:30,14,A,11,0,0,0,11,1
10/1/23,19:30,14,B,16,0,0,0,16,0
10/1/23,19:30,14,C,8,0,0,0,8,0
10/1/23,19:30,14,D,16,0,0,0,16,0
10/1/23,19:30,14,E,19,0,0,0,19,0
10/1/23,19:30,15,A,10,0,0,0,10,2
10/1/23,19:30,15,B,17,0,0,0,17,0
10/1/23,19:30,15,C,7,0,0,0,7,0
10/1/23,19:30,15,D,17,0,0,0,17,0
10/1/23,19:30,15,E,25,0,0,0,25,0
10/6/23,17:15,1,A,15,0,0,0,15,0
10/6/23,17:15,1,B,18,0,0,0,18,0
10/6/23,17:15,1,C,10,0,0,0,10,0
10/6/23,17:15,1,D,18,0,0,0,18,2
10/6/23,17:15,1,E,21,0,0,0,21,0
10/6/23,17:15,2,A,12,0,0,0,12,0
10/6/23,17:15,2,B,18,0,0,0,18,0
10/6/23,17:15,2,C,8,0,0,0,8,1
10/6/23,17:15,2,D,21,0,0,0,21,0
10/6/23,17:15,2,E,25,0,0,0,25,1
10/6/23,17:15,3,A,15,0,0,0,15,0
10/6/23,17:15,3,B,16,0,0,0,16,2
10/6/23,17:15,3,C,11,0,0,0,11,0
10/6/23,17:15,3,D,18,0,0,0,18,2
10/6/23,17:15,3,E,19,0,0,0,19,1
10/6/23,17:15,4,A,12,0,0,0,12,1
10/6/23,17:15,4,B,16,0,0,0,16,1
10/6/23,17:15,4,C,9,0,0,0,9,1
10/6/23,17:15,4,D,19,0,0,0,19,3
10/6/23,17:15,4,E,19,0,0,0,19,1
10/6/23,17:15,5,A,11,0,0,0,11,1
10/6/23,17:15,5,B,16,0,0,0,16,1
10/6/23,17:15,5,C,9,0,0,0,9,0
10/6/23,17:15,5,D,20,0,0,0,20,2
10/6/23,17:15,5,E,21,0,0,0,21,0
10/6/23,17:15,6,A,14,0,0,0,14,4
10/6/23,17:15,6,B,19,0,0,0,19,0
10/6/23,17:15,6,C,10,0,0,0,10,1
10/6/23,17:15,6,D,22,0,0,0,22,0
10/6/23,17:15,6,E,23,0,0,0,23,1
10/6/23,17:15,7,A,17,0,0,0,17,2
10/6/23,17:15,7,B,17,0,0,0,17,0
10/6/23,17:15,7,C,11,0,0,0,11,0
10/6/23,17:15,7,D,19,0,0,0,19,0
10/6/23,17:15,7,E,20,0,0,0,20,1
10/6/23,17:15,8,A,11,0,0,0,11,1
10/6/23,17:15,8,B,21,0,0,0,21,0
10/6/23,17:15,8,C,8,0,0,0,8,0
10/6/23,17:15,8,D,22,0,0,0,22,0
10/6/23,17:15,8,E,24,0,0,0,24,1
10/6/23,17:15,9,A,12,0,0,0,12,1
10/6/23,17:15,9,B,17,0,0,0,17,1
10/6/23,17:15,9,C,13,0,0,0,13,0
10/6/23,17:15,9,D,20,0,0,0,20,0
10/6/23,17:15,9,E,18,0,0,0,18,1
10/6/23,17:15,10,A,14,0,0,0,14,1
10/6/23,17:15,10,B,18,0,0,0,18,0
10/6/23,17:15,10,C,10,0,0,0,10,1
10/6/23,17:15,10,D,22,0,0,0,22,1
10/6/23,17:15,10,E,24,0,0,0,24,1
10/6/23,17:15,11,A,12,0,0,0,12,1
10/6/23,17:15,11,B,15,0,0,0,15,3
10/6/23,17:15,11,C,11,0,0,0,11,1
10/6/23,17:15,11,D,19,0,0,0,19,1
10/6/23,17:15,11,E,20,0,0,0,20,1
10/6/23,17:15,12,A,13,0,0,0,13,1
10/6/23,17:15,12,B,16,0,0,0,16,1
10/6/23,17:15,12,C,11,0,0,0,11,0
10/6/23,17:15,12,D,23,0,0,0,23,2
10/6/23,17:15,12,E,24,0,0,0,24,3
10/6/23,17:15,13,A,11,0,0,0,11,1
10/6/23,17:15,13,B,17,0,0,0,17,0
10/6/23,17:15,13,C,11,0,0,0,11,1
10/6/23,17:15,13,D,20,0,0,0,20,1
10/6/23,17:15,13,E,19,0,0,0,19,0
10/6/23,17:15,14,A,14,0,0,0,14,1
10/6/23,17:15,14,B,16,0,0,0,16,1
10/6/23,17:15,14,C,8,0,0,0,8,0
10/6/23,17:15,14,D,18,0,0,0,18,1
10/6/23,17:15,14,E,20,0,0,0,20,2
10/6/23,17:15,15,A,12,0,0,0,12,0
10/6/23,17:15,15,B,18,0,0,0,18,1
10/6/23,17:15,15,C,7,0,0,0,7,0
10/6/23,17:15,15,D,18,0,0,0,18,1
10/6/23,17:15,15,E,24,0,0,0,24,2
10/10/23,10:00,1,A,15,0,0,0,15,4
10/10/23,10:00,1,B,19,0,0,0,19,0
10/10/23,10:00,1,C,10,0,0,0,10,0
10/10/23,10:00,1,D,19,0,0,0,19,1
10/10/23,10:00,1,E,21,0,0,0,21,1
10/10/23,10:00,2,A,12,0,0,0,12,2
10/10/23,10:00,2,B,19,0,0,0,19,0
10/10/23,10:00,2,C,9,0,0,0,9,1
10/10/23,10:00,2,D,21,0,0,0,21,0
10/10/23,10:00,2,E,27,0,0,0,27,1
10/10/23,10:00,3,A,15,0,0,0,15,1
10/10/23,10:00,3,B,18,0,0,0,18,2
10/10/23,10:00,3,C,11,0,0,0,11,0
10/10/23,10:00,3,D,19,0,0,0,19,2
10/10/23,10:00,3,E,19,0,0,0,19,0
10/10/23,10:00,4,A,13,0,0,0,13,0
10/10/23,10:00,4,B,17,0,0,0,17,0
10/10/23,10:00,4,C,10,0,0,0,10,0
10/10/23,10:00,4,D,21,0,0,0,21,0
10/10/23,10:00,4,E,20,0,0,0,20,1
10/10/23,10:00,5,A,12,0,0,0,12,1
10/10/23,10:00,5,B,18,0,0,0,18,0
10/10/23,10:00,5,C,9,0,0,0,9,0
10/10/23,10:00,5,D,25,0,0,0,25,2
10/10/23,10:00,5,E,22,0,0,0,22,0
10/10/23,10:00,6,A,18,0,0,0,18,0
10/10/23,10:00,6,B,20,0,0,0,20,0
10/10/23,10:00,6,C,11,0,0,0,11,0
10/10/23,10:00,6,D,22,0,0,0,22,2
10/10/23,10:00,6,E,24,0,0,0,24,0
10/10/23,10:00,7,A,21,0,0,0,21,0
10/10/23,10:00,7,B,18,0,0,0,18,1
10/10/23,10:00,7,C,11,0,0,0,11,0
10/10/23,10:00,7,D,21,0,0,0,21,0
10/10/23,10:00,7,E,21,0,0,0,21,0
10/10/23,10:00,8,A,12,0,0,0,12,0
10/10/23,10:00,8,B,21,0,0,0,21,0
10/10/23,10:00,8,C,8,0,0,0,8,0
10/10/23,10:00,8,D,22,0,0,0,22,0
10/10/23,10:00,8,E,25,0,0,0,25,3
10/10/23,10:00,9,A,13,0,0,0,13,0
10/10/23,10:00,9,B,17,0,0,0,17,0
10/10/23,10:00,9,C,13,0,0,0,13,0
10/10/23,10:00,9,D,20,0,0,0,20,0
10/10/23,10:00,9,E,19,0,0,0,19,0
10/10/23,10:00,10,A,15,0,0,0,15,2
10/10/23,10:00,10,B,18,0,0,0,18,1
10/10/23,10:00,10,C,12,0,0,0,12,0
10/10/23,10:00,10,D,23,0,0,0,23,0
10/10/23,10:00,10,E,25,0,0,0,25,2
10/10/23,10:00,11,A,12,0,0,0,12,3
10/10/23,10:00,11,B,18,0,0,0,18,0
10/10/23,10:00,11,C,12,0,0,0,12,0
10/10/23,10:00,11,D,21,0,0,0,21,0
10/10/23,10:00,11,E,22,0,0,0,22,1
10/10/23,10:00,12,A,14,0,0,0,14,1
10/10/23,10:00,12,B,19,0,0,0,19,1
10/10/23,10:00,12,C,11,0,0,0,11,0
10/10/23,10:00,12,D,25,0,0,0,25,1
10/10/23,10:00,12,E,27,0,0,0,27,1
10/10/23,10:00,13,A,12,0,0,0,12,0
10/10/23,10:00,13,B,18,0,0,0,18,0
10/10/23,10:00,13,C,12,0,0,0,12,0
10/10/23,10:00,13,D,21,0,0,0,21,1
10/10/23,10:00,13,E,20,0,0,0,20,2
10/10/23,10:00,14,A,15,0,0,0,15,1
10/10/23,10:00,14,B,18,0,0,0,18,1
10/10/23,10:00,14,C,8,0,0,0,8,0
10/10/23,10:00,14,D,18,0,0,0,18,1
10/10/23,10:00,14,E,23,0,0,0,23,0
10/10/23,10:00,15,A,12,0,0,0,12,1
10/10/23,10:00,15,B,19,0,0,0,19,0
10/10/23,10:00,15,C,7,0,0,0,7,0
10/10/23,10:00,15,D,18,0,0,0,18,1
10/10/23,10:00,15,E,25,0,0,0,25,1
10/13/23,15:00,1,A,17,0,0,0,17,2
10/13/23,15:00,1,B,21,0,0,0,21,0
10/13/23,15:00,1,C,10,0,0,0,10,0
10/13/23,15:00,1,D,20,0,0,0,20,0
10/13/23,15:00,1,E,21,0,0,0,21,0
10/13/23,15:00,2,A,13,0,0,0,13,1
10/13/23,15:00,2,B,19,0,0,0,19,0
10/13/23,15:00,2,C,9,0,0,0,9,0
10/13/23,15:00,2,D,21,0,0,0,21,1
10/13/23,15:00,2,E,27,0,0,0,27,1
10/13/23,15:00,3,A,16,0,0,0,16,2
10/13/23,15:00,3,B,18,0,0,0,18,1
10/13/23,15:00,3,C,12,0,0,0,12,1
10/13/23,15:00,3,D,21,0,0,0,21,2
10/13/23,15:00,3,E,19,0,0,0,19,1
10/13/23,15:00,4,A,13,0,0,0,13,0
10/13/23,15:00,4,B,18,0,0,0,18,1
10/13/23,15:00,4,C,10,0,0,0,10,0
10/13/23,15:00,4,D,22,0,0,0,22,0
10/13/23,15:00,4,E,24,0,0,0,24,1
10/13/23,15:00,5,A,12,0,0,0,12,1
10/13/23,15:00,5,B,18,0,0,0,18,1
10/13/23,15:00,5,C,9,0,0,0,9,0
10/13/23,15:00,5,D,28,0,0,0,28,0
10/13/23,15:00,5,E,23,0,0,0,23,2
10/13/23,15:00,6,A,19,0,0,0,19,1
10/13/23,15:00,6,B,22,0,0,0,22,0
10/13/23,15:00,6,C,11,0,0,0,11,1
10/13/23,15:00,6,D,25,0,0,0,25,1
10/13/23,15:00,6,E,24,0,0,0,24,2
10/13/23,15:00,7,A,22,0,0,0,22,2
10/13/23,15:00,7,B,19,0,0,0,19,1
10/13/23,15:00,7,C,11,0,0,0,11,1
10/13/23,15:00,7,D,21,0,0,0,21,0
10/13/23,15:00,7,E,22,0,0,0,22,1
10/13/23,15:00,8,A,12,0,0,0,12,0
10/13/23,15:00,8,B,22,0,0,0,22,1
10/13/23,15:00,8,C,8,0,0,0,8,0
10/13/23,15:00,8,D,22,0,0,0,22,1
10/13/23,15:00,8,E,29,0,0,0,29,0
10/13/23,15:00,9,A,15,0,0,0,15,1
10/13/23,15:00,9,B,18,0,0,0,18,2
10/13/23,15:00,9,C,14,0,0,0,14,1
10/13/23,15:00,9,D,20,0,0,0,20,1
10/13/23,15:00,9,E,19,0,0,0,19,0
10/13/23,15:00,10,A,15,0,0,0,15,1
10/13/23,15:00,10,B,20,0,0,0,20,1
10/13/23,15:00,10,C,12,0,0,0,12,0
10/13/23,15:00,10,D,24,0,0,0,24,0
10/13/23,15:00,10,E,25,0,0,0,25,0
10/13/23,15:00,11,A,14,0,0,0,14,1
10/13/23,15:00,11,B,18,0,0,0,18,0
10/13/23,15:00,11,C,13,0,0,0,13,1
10/13/23,15:00,11,D,21,0,0,0,21,0
10/13/23,15:00,11,E,23,0,0,0,23,0
10/13/23,15:00,12,A,14,0,0,0,14,1
10/13/23,15:00,12,B,18,0,0,0,18,0
10/13/23,15:00,12,C,11,0,0,0,11,0
10/13/23,15:00,12,D,25,0,0,0,25,0
10/13/23,15:00,12,E,27,0,1,0,28,1
10/13/23,15:00,13,A,12,0,0,0,12,0
10/13/23,15:00,13,B,19,0,0,0,19,0
10/13/23,15:00,13,C,12,0,0,0,12,0
10/13/23,15:00,13,D,23,0,0,0,23,1
10/13/23,15:00,13,E,22,0,0,0,22,1
10/13/23,15:00,14,A,15,0,0,0,15,1
10/13/23,15:00,14,B,20,0,0,0,20,0
10/13/23,15:00,14,C,8,0,0,0,8,0
10/13/23,15:00,14,D,19,0,0,0,19,0
10/13/23,15:00,14,E,24,0,1,0,25,2
10/13/23,15:00,15,A,12,0,0,0,12,0
10/13/23,15:00,15,B,20,0,0,0,20,0
10/13/23,15:00,15,C,7,0,0,0,7,1
10/13/23,15:00,15,D,18,0,0,0,18,2
10/13/23,15:00,15,E,25,0,0,0,25,4
10/17/23,10:00,1,A,19,0,0,0,19,0
10/17/23,10:00,1,B,21,0,0,0,21,0
10/17/23,10:00,1,C,10,0,0,0,10,0
10/17/23,10:00,1,D,20,0,0,0,20,0
10/17/23,10:00,1,E,20,0,0,0,20,0
10/17/23,10:00,2,A,14,0,0,0,14,1
10/17/23,10:00,2,B,19,0,0,0,19,0
10/17/23,10:00,2,C,9,0,0,0,9,0
10/17/23,10:00,2,D,22,0,0,0,22,0
10/17/23,10:00,2,E,28,0,0,0,28,0
10/17/23,10:00,3,A,17,0,1,0,18,0
10/17/23,10:00,3,B,19,0,0,0,19,1
10/17/23,10:00,3,C,12,0,0,0,12,0
10/17/23,10:00,3,D,21,0,0,0,21,0
10/17/23,10:00,3,E,19,0,0,0,19,0
10/17/23,10:00,4,A,15,0,0,0,15,0
10/17/23,10:00,4,B,18,0,0,0,18,0
10/17/23,10:00,4,C,10,0,0,0,10,0
10/17/23,10:00,4,D,22,0,0,0,22,0
10/17/23,10:00,4,E,26,0,0,0,26,0
10/17/23,10:00,5,A,15,0,0,0,15,0
10/17/23,10:00,5,B,19,0,0,0,19,0
10/17/23,10:00,5,C,9,0,0,0,9,0
10/17/23,10:00,5,D,28,0,0,0,28,0
10/17/23,10:00,5,E,27,0,0,0,27,2
10/17/23,10:00,6,A,21,0,0,0,21,1
10/17/23,10:00,6,B,23,0,0,0,23,1
10/17/23,10:00,6,C,12,0,0,0,12,0
10/17/23,10:00,6,D,27,0,0,0,27,0
10/17/23,10:00,6,E,27,0,0,0,27,0
10/17/23,10:00,7,A,23,0,0,0,23,0
10/17/23,10:00,7,B,21,0,0,0,21,1
10/17/23,10:00,7,C,12,0,0,0,12,0
10/17/23,10:00,7,D,22,0,0,0,22,1
10/17/23,10:00,7,E,22,0,0,0,22,0
10/17/23,10:00,8,A,12,0,0,0,12,2
10/17/23,10:00,8,B,23,0,0,0,23,0
10/17/23,10:00,8,C,9,0,0,0,9,0
10/17/23,10:00,8,D,22,0,0,0,22,1
10/17/23,10:00,8,E,29,0,0,0,29,0
10/17/23,10:00,9,A,15,0,0,0,15,0
10/17/23,10:00,9,B,20,0,0,0,20,0
10/17/23,10:00,9,C,16,0,0,0,16,0
10/17/23,10:00,9,D,21,0,0,0,21,1
10/17/23,10:00,9,E,19,0,0,0,19,1
10/17/23,10:00,10,A,16,0,0,0,16,1
10/17/23,10:00,10,B,21,0,0,0,21,0
10/17/23,10:00,10,C,12,0,0,0,12,0
10/17/23,10:00,10,D,25,0,0,0,25,0
10/17/23,10:00,10,E,25,0,0,0,25,0
10/17/23,10:00,11,A,15,0,0,0,15,0
10/17/23,10:00,11,B,18,0,0,0,18,0
10/17/23,10:00,11,C,14,0,0,0,14,0
10/17/23,10:00,11,D,23,0,0,0,23,0
10/17/23,10:00,11,E,23,0,0,0,23,3
10/17/23,10:00,12,A,15,0,0,0,15,0
10/17/23,10:00,12,B,18,0,0,0,18,0
10/17/23,10:00,12,C,11,0,0,0,11,0
10/17/23,10:00,12,D,28,0,0,0,28,0
10/17/23,10:00,12,E,26,0,0,0,26,0
10/17/23,10:00,13,A,13,0,0,0,13,2
10/17/23,10:00,13,B,19,0,0,0,19,1
10/17/23,10:00,13,C,12,0,0,0,12,0
10/17/23,10:00,13,D,24,0,0,0,24,0
10/17/23,10:00,13,E,23,0,0,0,23,1
10/17/23,10:00,14,A,18,0,0,0,18,2
10/17/23,10:00,14,B,21,0,0,0,21,2
10/17/23,10:00,14,C,8,0,0,0,8,0
10/17/23,10:00,14,D,20,0,0,0,20,1
10/17/23,10:00,14,E,23,0,0,0,23,2
10/17/23,10:00,15,A,13,0,0,0,13,0
10/17/23,10:00,15,B,22,0,0,0,22,3
10/17/23,10:00,15,C,9,0,0,0,9,0
10/17/23,10:00,15,D,21,0,0,0,21,0
10/17/23,10:00,15,E,29,0,0,0,29,2
10/20/23,13:00,1,A,19,0,0,0,19,0
10/20/23,13:00,1,B,21,0,0,0,21,0
10/20/23,13:00,1,C,11,0,0,0,11,0
10/20/23,13:00,1,D,20,0,0,0,20,0
10/20/23,13:00,1,E,20,0,0,0,20,0
10/20/23,13:00,2,A,14,0,0,0,14,0
10/20/23,13:00,2,B,19,0,0,0,19,0
10/20/23,13:00,2,C,10,0,0,0,10,1
10/20/23,13:00,2,D,22,0,0,0,22,0
10/20/23,13:00,2,E,28,0,0,0,28,1
10/20/23,13:00,3,A,17,0,0,0,17,0
10/20/23,13:00,3,B,20,0,0,0,20,2
10/20/23,13:00,3,C,14,0,0,0,14,0
10/20/23,13:00,3,D,22,0,0,0,22,0
10/20/23,13:00,3,E,20,0,0,0,20,0
10/20/23,13:00,4,A,15,0,0,0,15,2
10/20/23,13:00,4,B,18,0,0,0,18,1
10/20/23,13:00,4,C,10,0,0,0,10,0
10/20/23,13:00,4,D,23,0,0,0,23,0
10/20/23,13:00,4,E,24,0,0,0,24,2
10/20/23,13:00,5,A,15,0,0,0,15,2
10/20/23,13:00,5,B,19,0,0,0,19,1
10/20/23,13:00,5,C,9,0,0,0,9,0
10/20/23,13:00,5,D,28,0,0,0,28,0
10/20/23,13:00,5,E,28,0,0,0,28,1
10/20/23,13:00,6,A,22,0,0,0,22,1
10/20/23,13:00,6,B,24,0,0,0,24,0
10/20/23,13:00,6,C,12,0,0,0,12,0
10/20/23,13:00,6,D,28,0,0,0,28,1
10/20/23,13:00,6,E,26,0,0,0,26,0
10/20/23,13:00,7,A,23,0,0,0,23,0
10/20/23,13:00,7,B,22,0,0,0,22,0
10/20/23,13:00,7,C,12,0,0,0,12,1
10/20/23,13:00,7,D,24,0,0,0,24,0
10/20/23,13:00,7,E,23,0,0,0,23,0
10/20/23,13:00,8,A,14,0,0,0,14,0
10/20/23,13:00,8,B,23,0,0,0,23,0
10/20/23,13:00,8,C,9,0,0,0,9,1
10/20/23,13:00,8,D,23,0,0,0,23,1
10/20/23,13:00,8,E,29,0,0,0,29,0
10/20/23,13:00,9,A,15,0,0,0,15,1
10/20/23,13:00,9,B,20,0,0,0,20,1
10/20/23,13:00,9,C,18,0,0,0,18,0
10/20/23,13:00,9,D,21,0,0,0,21,0
10/20/23,13:00,9,E,20,0,0,0,20,2
10/20/23,13:00,10,A,17,0,0,0,17,0
10/20/23,13:00,10,B,21,0,0,0,21,0
10/20/23,13:00,10,C,12,0,0,0,12,0
10/20/23,13:00,10,D,25,0,0,0,25,1
10/20/23,13:00,10,E,25,0,0,0,25,0
10/20/23,13:00,11,A,15,0,0,0,15,1
10/20/23,13:00,11,B,19,0,0,0,19,0
10/20/23,13:00,11,C,15,0,0,0,15,0
10/20/23,13:00,11,D,23,0,0,0,23,0
10/20/23,13:00,11,E,25,0,0,0,25,0
10/20/23,13:00,12,A,15,0,0,0,15,0
10/20/23,13:00,12,B,19,0,0,0,19,0
10/20/23,13:00,12,C,11,0,0,0,11,0
10/20/23,13:00,12,D,28,0,0,0,28,2
10/20/23,13:00,12,E,28,0,0,0,28,1
10/20/23,13:00,13,A,13,0,0,0,13,0
10/20/23,13:00,13,B,20,0,0,0,20,0
10/20/23,13:00,13,C,12,0,0,0,12,0
10/20/23,13:00,13,D,24,0,0,0,24,0
10/20/23,13:00,13,E,22,0,0,0,22,1
10/20/23,13:00,14,A,19,0,0,0,19,2
10/20/23,13:00,14,B,23,0,0,0,23,0
10/20/23,13:00,14,C,8,0,0,0,8,0
10/20/23,13:00,14,D,22,0,0,0,22,0
10/20/23,13:00,14,E,23,0,0,0,23,0
10/20/23,13:00,15,A,13,0,0,0,13,2
10/20/23,13:00,15,B,24,0,0,0,24,0
10/20/23,13:00,15,C,10,0,0,0,10,1
10/20/23,13:00,15,D,22,0,0,0,22,0
10/20/23,13:00,15,E,30,0,0,0,30,2
10/24/23,17:00,1,A,19,0,0,0,19,1
10/24/23,17:00,1,B,22,0,0,0,22,1
10/24/23,17:00,1,C,11,0,0,0,11,0
10/24/23,17:00,1,D,20,0,0,0,20,0
10/24/23,17:00,1,E,20,0,0,0,20,0
10/24/23,17:00,2,A,15,0,0,0,15,0
10/24/23,17:00,2,B,20,0,0,0,20,0
10/24/23,17:00,2,C,10,0,0,0,10,1
10/24/23,17:00,2,D,22,0,0,0,22,0
10/24/23,17:00,2,E,29,0,0,0,29,1
10/24/23,17:00,3,A,17,0,0,0,17,0
10/24/23,17:00,3,B,23,0,0,0,23,1
10/24/23,17:00,3,C,14,0,0,0,14,1
10/24/23,17:00,3,D,22,0,0,0,22,0
10/24/23,17:00,3,E,22,0,0,0,22,2
10/24/23,17:00,4,A,17,0,0,0,17,1
10/24/23,17:00,4,B,21,0,0,0,21,1
10/24/23,17:00,4,C,11,0,0,0,11,0
10/24/23,17:00,4,D,23,0,0,0,23,0
10/24/23,17:00,4,E,24,0,0,0,24,4
10/24/23,17:00,5,A,16,0,0,0,16,0
10/24/23,17:00,5,B,19,0,0,0,19,0
10/24/23,17:00,5,C,10,0,0,0,10,0
10/24/23,17:00,5,D,27,0,0,0,27,0
10/24/23,17:00,5,E,30,0,0,0,30,2
10/24/23,17:00,6,A,22,0,0,0,22,0
10/24/23,17:00,6,B,24,0,0,0,24,0
10/24/23,17:00,6,C,11,0,0,0,11,0
10/24/23,17:00,6,D,28,0,0,0,28,0
10/24/23,17:00,6,E,26,0,0,0,26,1
10/24/23,17:00,7,A,23,0,0,0,23,0
10/24/23,17:00,7,B,22,0,0,0,22,1
10/24/23,17:00,7,C,13,0,0,0,13,1
10/24/23,17:00,7,D,24,0,0,0,24,1
10/24/23,17:00,7,E,24,0,0,0,24,1
10/24/23,17:00,8,A,16,0,0,0,16,0
10/24/23,17:00,8,B,24,0,0,0,24,0
10/24/23,17:00,8,C,9,0,0,0,9,1
10/24/23,17:00,8,D,24,0,0,0,24,0
10/24/23,17:00,8,E,27,0,0,0,27,2
10/24/23,17:00,9,A,15,0,0,0,15,0
10/24/23,17:00,9,B,21,0,0,0,21,1
10/24/23,17:00,9,C,18,0,0,0,18,0
10/24/23,17:00,9,D,22,0,0,0,22,1
10/24/23,17:00,9,E,21,0,0,0,21,0
10/24/23,17:00,10,A,19,0,0,0,19,0
10/24/23,17:00,10,B,23,0,0,0,23,0
10/24/23,17:00,10,C,12,0,0,0,12,0
10/24/23,17:00,10,D,25,0,0,0,25,0
10/24/23,17:00,10,E,25,0,0,0,25,0
10/24/23,17:00,11,A,15,0,0,0,15,1
10/24/23,17:00,11,B,20,0,0,0,20,0
10/24/23,17:00,11,C,15,0,0,0,15,0
10/24/23,17:00,11,D,22,0,0,0,22,1
10/24/23,17:00,11,E,25,0,0,0,25,1
10/24/23,17:00,12,A,15,0,0,0,15,2
10/24/23,17:00,12,B,19,0,0,0,19,0
10/24/23,17:00,12,C,11,0,0,0,11,0
10/24/23,17:00,12,D,29,0,0,0,29,1
10/24/23,17:00,12,E,25,0,0,1,26,1
10/24/23,17:00,13,A,15,0,0,0,15,1
10/24/23,17:00,13,B,19,0,0,1,20,0
10/24/23,17:00,13,C,12,0,0,0,12,0
10/24/23,17:00,13,D,24,0,0,0,24,0
10/24/23,17:00,13,E,22,0,0,0,22,1
10/24/23,17:00,14,A,19,0,0,0,19,1
10/24/23,17:00,14,B,23,0,0,0,23,0
10/24/23,17:00,14,C,8,0,0,0,8,0
10/24/23,17:00,14,D,21,0,0,0,21,0
10/24/23,17:00,14,E,24,0,0,0,24,1
10/24/23,17:00,15,A,14,0,0,0,14,0
10/24/23,17:00,15,B,24,0,0,0,24,0
10/24/23,17:00,15,C,10,0,0,0,10,0
10/24/23,17:00,15,D,22,0,0,0,22,0
10/24/23,17:00,15,E,30,0,0,0,30,0
10/27/23,17:30,1,A,20,0,0,0,20,1
10/27/23,17:30,1,B,23,0,0,0,23,1
10/27/23,17:30,1,C,11,0,0,0,11,1
10/27/23,17:30,1,D,21,0,0,0,21,0
10/27/23,17:30,1,E,20,0,0,0,20,0
10/27/23,17:30,2,A,15,0,0,0,15,1
10/27/23,17:30,2,B,20,0,0,0,20,0
10/27/23,17:30,2,C,11,0,0,0,11,1
10/27/23,17:30,2,D,22,0,0,0,22,0
10/27/23,17:30,2,E,29,0,0,0,29,0
10/27/23,17:30,3,A,17,0,0,0,17,0
10/27/23,17:30,3,B,23,0,0,0,23,0
10/27/23,17:30,3,C,15,0,0,0,15,0
10/27/23,17:30,3,D,22,0,0,0,22,0
10/27/23,17:30,3,E,24,0,0,0,24,2
10/27/23,17:30,4,A,18,0,0,0,18,0
10/27/23,17:30,4,B,22,0,1,0,23,1
10/27/23,17:30,4,C,11,0,0,0,11,1
10/27/23,17:30,4,D,23,0,0,0,23,0
10/27/23,17:30,4,E,29,0,0,0,29,0
10/27/23,17:30,5,A,17,0,0,0,17,0
10/27/23,17:30,5,B,19,0,0,0,19,0
10/27/23,17:30,5,C,10,0,0,0,10,0
10/27/23,17:30,5,D,28,0,0,0,28,0
10/27/23,17:30,5,E,31,0,0,0,31,0
10/27/23,17:30,6,A,24,0,0,0,24,0
10/27/23,17:30,6,B,25,0,0,0,25,0
10/27/23,17:30,6,C,11,0,0,0,11,0
10/27/23,17:30,6,D,28,0,0,0,28,0
10/27/23,17:30,6,E,26,0,0,1,27,0
10/27/23,17:30,7,A,23,0,0,0,23,0
10/27/23,17:30,7,B,22,0,0,0,22,0
10/27/23,17:30,7,C,15,0,0,0,15,0
10/27/23,17:30,7,D,25,0,0,0,25,0
10/27/23,17:30,7,E,25,0,0,0,25,1
10/27/23,17:30,8,A,16,0,0,0,16,0
10/27/23,17:30,8,B,25,0,0,0,25,2
10/27/23,17:30,8,C,9,0,0,0,9,0
10/27/23,17:30,8,D,24,0,0,0,24,1
10/27/23,17:30,8,E,28,0,0,0,28,0
10/27/23,17:30,9,A,15,0,0,0,15,0
10/27/23,17:30,9,B,21,0,1,0,22,1
10/27/23,17:30,9,C,17,0,0,0,17,0
10/27/23,17:30,9,D,23,0,0,0,23,0
10/27/23,17:30,9,E,22,0,0,0,22,0
10/27/23,17:30,10,A,19,0,0,0,19,0
10/27/23,17:30,10,B,23,0,0,0,23,1
10/27/23,17:30,10,C,12,0,0,0,12,0
10/27/23,17:30,10,D,26,0,0,0,26,1
10/27/23,17:30,10,E,26,0,0,0,26,1
10/27/23,17:30,11,A,16,0,0,0,16,0
10/27/23,17:30,11,B,20,0,0,0,20,0
10/27/23,17:30,11,C,17,0,0,0,17,0
10/27/23,17:30,11,D,23,0,0,0,23,0
10/27/23,17:30,11,E,24,0,0,0,24,1
10/27/23,17:30,12,A,16,0,0,0,16,2
10/27/23,17:30,12,B,20,0,0,0,20,0
10/27/23,17:30,12,C,11,0,0,0,11,0
10/27/23,17:30,12,D,30,0,0,0,30,0
10/27/23,17:30,12,E,25,0,0,0,25,0
10/27/23,17:30,13,A,17,0,0,0,17,2
10/27/23,17:30,13,B,19,0,0,0,19,2
10/27/23,17:30,13,C,11,0,0,0,11,0
10/27/23,17:30,13,D,24,0,0,0,24,0
10/27/23,17:30,13,E,22,0,0,0,22,0
10/27/23,17:30,14,A,21,0,0,0,21,1
10/27/23,17:30,14,B,24,0,0,0,24,0
10/27/23,17:30,14,C,8,0,0,0,8,0
10/27/23,17:30,14,D,21,0,0,0,21,0
10/27/23,17:30,14,E,28,0,0,0,28,0
10/27/23,17:30,15,A,14,0,0,0,14,2
10/27/23,17:30,15,B,24,0,0,0,24,0
10/27/23,17:30,15,C,10,0,0,0,10,0
10/27/23,17:30,15,D,22,0,0,0,22,0
10/27/23,17:30,15,E,32,0,0,0,32,0
10/31/23,16:45,1,A,21,0,0,0,21,0
10/31/23,16:45,1,B,23,0,0,0,23,1
10/31/23,16:45,1,C,12,0,0,0,12,1
10/31/23,16:45,1,D,20,0,0,0,20,1
10/31/23,16:45,1,E,20,0,0,0,20,1
10/31/23,16:45,2,A,16,0,0,0,16,1
10/31/23,16:45,2,B,20,0,0,0,20,0
10/31/23,16:45,2,C,12,0,0,0,12,0
10/31/23,16:45,2,D,22,0,0,0,22,0
10/31/23,16:45,2,E,28,0,0,0,28,0
10/31/23,16:45,3,A,17,0,0,0,17,1
10/31/23,16:45,3,B,23,0,0,0,23,0
10/31/23,16:45,3,C,15,0,0,0,15,0
10/31/23,16:45,3,D,22,0,0,0,22,0
10/31/23,16:45,3,E,25,0,0,0,25,0
10/31/23,16:45,4,A,18,0,0,0,18,0
10/31/23,16:45,4,B,23,0,0,0,23,1
10/31/23,16:45,4,C,12,0,0,0,12,0
10/31/23,16:45,4,D,23,0,0,0,23,0
10/31/23,16:45,4,E,27,0,0,0,27,0
10/31/23,16:45,5,A,17,0,0,0,17,0
10/31/23,16:45,5,B,20,0,0,0,20,0
10/31/23,16:45,5,C,10,0,0,0,10,0
10/31/23,16:45,5,D,28,0,0,0,28,0
10/31/23,16:45,5,E,31,0,0,0,31,0
10/31/23,16:45,6,A,24,0,0,0,24,1
10/31/23,16:45,6,B,25,0,0,0,25,0
10/31/23,16:45,6,C,11,0,0,0,11,0
10/31/23,16:45,6,D,27,0,0,0,27,0
10/31/23,16:45,6,E,27,0,0,0,27,1
10/31/23,16:45,7,A,24,0,0,0,24,0
10/31/23,16:45,7,B,22,0,0,0,22,0
10/31/23,16:45,7,C,15,0,0,0,15,0
10/31/23,16:45,7,D,25,0,0,0,25,0
10/31/23,16:45,7,E,28,0,0,0,28,0
10/31/23,16:45,8,A,16,0,0,0,16,1
10/31/23,16:45,8,B,27,0,0,0,27,0
10/31/23,16:45,8,C,10,0,0,0,10,0
10/31/23,16:45,8,D,26,0,0,0,26,0
10/31/23,16:45,8,E,29,0,0,0,29,0
10/31/23,16:45,9,A,15,0,0,0,15,1
10/31/23,16:45,9,B,22,0,0,0,22,0
10/31/23,16:45,9,C,17,0,0,0,17,1
10/31/23,16:45,9,D,24,0,0,0,24,0
10/31/23,16:45,9,E,22,0,0,0,22,0
10/31/23,16:45,10,A,19,0,0,0,19,0
10/31/23,16:45,10,B,24,0,0,0,24,0
10/31/23,16:45,10,C,15,0,0,0,15,0
10/31/23,16:45,10,D,27,0,0,0,27,0
10/31/23,16:45,10,E,26,0,0,0,26,1
10/31/23,16:45,11,A,16,0,0,0,16,0
10/31/23,16:45,11,B,20,0,0,0,20,0
10/31/23,16:45,11,C,17,0,0,0,17,1
10/31/23,16:45,11,D,23,0,0,0,23,0
10/31/23,16:45,11,E,26,0,0,0,26,0
10/31/23,16:45,12,A,18,0,0,0,18,0
10/31/23,16:45,12,B,19,0,0,0,19,0
10/31/23,16:45,12,C,10,0,0,0,10,0
10/31/23,16:45,12,D,32,0,0,0,32,0
10/31/23,16:45,12,E,25,0,0,0,25,1
10/31/23,16:45,13,A,18,0,0,0,18,0
10/31/23,16:45,13,B,21,0,0,0,21,0
10/31/23,16:45,13,C,11,0,0,0,11,1
10/31/23,16:45,13,D,24,0,0,0,24,0
10/31/23,16:45,13,E,23,0,0,0,23,0
10/31/23,16:45,14,A,20,0,0,0,20,1
10/31/23,16:45,14,B,24,0,0,0,24,0
10/31/23,16:45,14,C,8,0,0,0,8,1
10/31/23,16:45,14,D,21,0,0,0,21,0
10/31/23,16:45,14,E,28,0,0,0,28,1
10/31/23,16:45,15,A,15,0,0,0,15,2
10/31/23,16:45,15,B,24,0,0,0,24,0
10/31/23,16:45,15,C,9,0,0,0,9,0
10/31/23,16:45,15,D,22,0,0,0,22,1
10/31/23,16:45,15,E,32,0,0,0,32,0
11/3/23,17:00,1,A,21,0,0,0,21,1
11/3/23,17:00,1,B,24,0,0,0,24,0
11/3/23,17:00,1,C,13,0,0,0,13,1
11/3/23,17:00,1,D,20,0,0,0,20,1
11/3/23,17:00,1,E,20,0,0,0,20,1
11/3/23,17:00,2,A,18,0,0,0,18,0
11/3/23,17:00,2,B,22,0,0,0,22,0
11/3/23,17:00,2,C,12,0,0,0,12,0
11/3/23,17:00,2,D,22,0,0,0,22,0
11/3/23,17:00,2,E,29,0,0,0,29,0
11/3/23,17:00,3,A,17,0,0,0,17,1
11/3/23,17:00,3,B,23,0,0,0,23,0
11/3/23,17:00,3,C,15,0,0,0,15,0
11/3/23,17:00,3,D,22,0,0,0,22,0
11/3/23,17:00,3,E,25,0,0,0,25,0
11/3/23,17:00,4,A,18,0,0,0,18,1
11/3/23,17:00,4,B,23,0,0,0,23,1
11/3/23,17:00,4,C,12,0,0,0,12,0
11/3/23,17:00,4,D,23,0,0,0,23,0
11/3/23,17:00,4,E,28,0,0,0,28,0
11/3/23,17:00,5,A,17,0,0,0,17,0
11/3/23,17:00,5,B,19,0,0,0,19,0
11/3/23,17:00,5,C,10,0,0,0,10,0
11/3/23,17:00,5,D,29,0,0,0,29,0
11/3/23,17:00,5,E,31,0,0,0,31,0
11/3/23,17:00,6,A,25,0,0,0,25,0
11/3/23,17:00,6,B,26,0,0,0,26,0
11/3/23,17:00,6,C,10,0,0,0,10,0
11/3/23,17:00,6,D,27,0,0,0,27,0
11/3/23,17:00,6,E,27,0,0,0,27,2
11/3/23,17:00,7,A,24,0,0,0,24,1
11/3/23,17:00,7,B,22,0,0,0,22,1
11/3/23,17:00,7,C,15,0,0,0,15,0
11/3/23,17:00,7,D,25,0,0,0,25,0
11/3/23,17:00,7,E,28,0,0,0,28,0
11/3/23,17:00,8,A,16,0,0,0,16,2
11/3/23,17:00,8,B,27,0,0,0,27,0
11/3/23,17:00,8,C,11,0,0,0,11,0
11/3/23,17:00,8,D,26,0,1,0,27,0
11/3/23,17:00,8,E,30,0,0,0,30,0
11/3/23,17:00,9,A,15,0,0,0,15,0
11/3/23,17:00,9,B,21,0,0,0,21,1
11/3/23,17:00,9,C,17,0,0,0,17,1
11/3/23,17:00,9,D,24,0,0,0,24,0
11/3/23,17:00,9,E,24,0,0,0,24,0
11/3/23,17:00,10,A,19,0,0,0,19,1
11/3/23,17:00,10,B,24,0,0,0,24,0
11/3/23,17:00,10,C,16,0,0,0,16,0
11/3/23,17:00,10,D,26,0,1,0,27,0
11/3/23,17:00,10,E,27,0,0,0,27,1
11/3/23,17:00,11,A,16,0,0,0,16,0
11/3/23,17:00,11,B,20,0,0,0,20,0
11/3/23,17:00,11,C,18,0,0,0,18,0
11/3/23,17:00,11,D,23,0,0,0,23,0
11/3/23,17:00,11,E,26,0,0,0,26,0
11/3/23,17:00,12,A,19,0,0,0,19,1
11/3/23,17:00,12,B,19,0,0,0,19,0
11/3/23,17:00,12,C,10,0,0,0,10,0
11/3/23,17:00,12,D,33,0,0,0,33,0
11/3/23,17:00,12,E,25,0,0,0,25,0
11/3/23,17:00,13,A,18,0,0,0,18,0
11/3/23,17:00,13,B,21,0,0,0,21,0
11/3/23,17:00,13,C,14,0,0,0,14,0
11/3/23,17:00,13,D,24,0,0,0,24,0
11/3/23,17:00,13,E,24,0,0,0,24,2
11/3/23,17:00,14,A,20,0,0,0,20,0
11/3/23,17:00,14,B,24,0,0,0,24,1
11/3/23,17:00,14,C,9,0,0,0,9,0
11/3/23,17:00,14,D,23,0,0,0,23,0
11/3/23,17:00,14,E,27,0,0,0,27,2
11/3/23,17:00,15,A,16,0,0,0,16,2
11/3/23,17:00,15,B,24,0,0,0,24,1
11/3/23,17:00,15,C,9,0,0,0,9,0
11/3/23,17:00,15,D,23,0,0,0,23,0
11/3/23,17:00,15,E,32,0,0,0,32,0
11/7/23,16:45,1,A,22,0,0,0,22,1
11/7/23,16:45,1,B,24,0,0,0,24,0
11/7/23,16:45,1,C,14,0,0,0,14,0
11/7/23,16:45,1,D,21,0,0,0,21,0
11/7/23,16:45,1,E,20,0,0,0,20,0
11/7/23,16:45,2,A,18,0,0,0,18,1
11/7/23,16:45,2,B,22,0,0,0,22,0
11/7/23,16:45,2,C,12,0,0,0,12,0
11/7/23,16:45,2,D,22,0,0,0,22,0
11/7/23,16:45,2,E,29,0,0,0,29,0
11/7/23,16:45,3,A,17,0,0,0,17,1
11/7/23,16:45,3,B,23,0,0,0,23,0
11/7/23,16:45,3,C,15,0,0,0,15,0
11/7/23,16:45,3,D,22,0,0,0,22,0
11/7/23,16:45,3,E,25,0,0,0,25,0
11/7/23,16:45,4,A,18,0,0,0,18,0
11/7/23,16:45,4,B,24,0,0,0,24,0
11/7/23,16:45,4,C,12,0,0,0,12,0
11/7/23,16:45,4,D,23,0,0,0,23,0
11/7/23,16:45,4,E,28,0,0,0,28,0
11/7/23,16:45,5,A,17,0,0,0,17,0
11/7/23,16:45,5,B,19,0,0,0,19,0
11/7/23,16:45,5,C,10,0,0,0,10,0
11/7/23,16:45,5,D,29,0,0,0,29,0
11/7/23,16:45,5,E,31,0,0,0,31,0
11/7/23,16:45,6,A,26,0,0,0,26,1
11/7/23,16:45,6,B,26,0,0,0,26,0
11/7/23,16:45,6,C,10,0,0,0,10,0
11/7/23,16:45,6,D,28,0,0,0,28,0
11/7/23,16:45,6,E,26,0,0,1,27,2
11/7/23,16:45,7,A,26,0,0,0,26,0
11/7/23,16:45,7,B,23,0,0,0,23,0
11/7/23,16:45,7,C,15,0,0,0,15,0
11/7/23,16:45,7,D,25,0,0,0,25,0
11/7/23,16:45,7,E,29,0,0,0,29,0
11/7/23,16:45,8,A,17,0,0,0,17,0
11/7/23,16:45,8,B,24,0,0,0,24,0
11/7/23,16:45,8,C,11,0,0,0,11,0
11/7/23,16:45,8,D,26,0,0,0,26,0
11/7/23,16:45,8,E,30,0,0,0,30,1
11/7/23,16:45,9,A,15,0,0,0,15,1
11/7/23,16:45,9,B,22,0,0,0,22,0
11/7/23,16:45,9,C,17,0,0,0,17,1
11/7/23,16:45,9,D,25,0,0,0,25,0
11/7/23,16:45,9,E,22,0,0,0,22,0
11/7/23,16:45,10,A,21,0,0,0,21,0
11/7/23,16:45,10,B,24,0,0,0,24,1
11/7/23,16:45,10,C,15,0,0,0,15,0
11/7/23,16:45,10,D,26,0,0,0,26,0
11/7/23,16:45,10,E,27,0,0,0,27,0
11/7/23,16:45,11,A,16,0,0,0,16,2
11/7/23,16:45,11,B,20,0,0,0,20,0
11/7/23,16:45,11,C,18,0,0,0,18,0
11/7/23,16:45,11,D,23,0,0,0,23,0
11/7/23,16:45,11,E,27,0,0,0,27,0
11/7/23,16:45,12,A,20,0,0,0,20,1
11/7/23,16:45,12,B,20,0,0,0,20,0
11/7/23,16:45,12,C,10,0,0,0,10,0
11/7/23,16:45,12,D,33,0,0,0,33,0
11/7/23,16:45,12,E,25,0,0,0,25,0
11/7/23,16:45,13,A,18,0,0,0,18,1
11/7/23,16:45,13,B,21,0,0,0,21,0
11/7/23,16:45,13,C,13,0,0,0,13,0
11/7/23,16:45,13,D,24,0,0,0,24,0
11/7/23,16:45,13,E,24,0,0,1,25,0
11/7/23,16:45,14,A,22,0,0,0,22,1
11/7/23,16:45,14,B,26,0,0,0,26,0
11/7/23,16:45,14,C,9,0,0,0,9,0
11/7/23,16:45,14,D,24,0,0,0,24,0
11/7/23,16:45,14,E,27,0,0,0,27,0
11/7/23,16:45,15,A,19,0,0,0,19,0
11/7/23,16:45,15,B,26,0,0,0,26,1
11/7/23,16:45,15,C,9,0,0,0,9,0
11/7/23,16:45,15,D,24,0,0,0,24,0
11/7/23,16:45,15,E,31,0,0,0,31,0
11/10/23,16:30,1,A,22,0,0,0,22,1
11/10/23,16:30,1,B,24,0,0,0,24,0
11/10/23,16:30,1,C,14,0,0,0,14,1
11/10/23,16:30,1,D,21,0,0,0,21,0
11/10/23,16:30,1,E,20,0,0,0,20,0
11/10/23,16:30,2,A,19,0,0,0,19,0
11/10/23,16:30,2,B,22,0,0,0,22,0
11/10/23,16:30,2,C,12,0,0,0,12,2
11/10/23,16:30,2,D,22,0,0,0,22,0
11/10/23,16:30,2,E,29,0,0,0,29,0
11/10/23,16:30,3,A,18,0,0,0,18,0
11/10/23,16:30,3,B,23,0,0,0,23,0
11/10/23,16:30,3,C,15,0,0,0,15,0
11/10/23,16:30,3,D,22,0,0,0,22,0
11/10/23,16:30,3,E,25,0,0,0,25,1
11/10/23,16:30,4,A,18,0,0,0,18,0
11/10/23,16:30,4,B,24,0,0,0,24,0
11/10/23,16:30,4,C,12,0,0,0,12,1
11/10/23,16:30,4,D,23,0,0,0,23,0
11/10/23,16:30,4,E,28,0,0,0,28,0
11/10/23,16:30,5,A,17,0,0,0,17,0
11/10/23,16:30,5,B,19,0,0,0,19,0
11/10/23,16:30,5,C,10,0,0,0,10,0
11/10/23,16:30,5,D,29,0,0,0,29,0
11/10/23,16:30,5,E,31,0,0,0,31,0
11/10/23,16:30,6,A,27,0,0,0,27,1
11/10/23,16:30,6,B,26,0,0,0,26,0
11/10/23,16:30,6,C,9,0,0,0,9,0
11/10/23,16:30,6,D,28,0,0,0,28,0
11/10/23,16:30,6,E,28,0,0,0,28,1
11/10/23,16:30,7,A,26,0,0,0,26,1
11/10/23,16:30,7,B,23,0,0,0,23,1
11/10/23,16:30,7,C,15,0,0,0,15,1
11/10/23,16:30,7,D,25,0,0,0,25,0
11/10/23,16:30,7,E,29,0,0,0,29,0
11/10/23,16:30,8,A,17,0,0,0,17,0
11/10/23,16:30,8,B,28,0,0,0,28,0
11/10/23,16:30,8,C,11,0,0,0,11,0
11/10/23,16:30,8,D,27,0,0,0,27,0
11/10/23,16:30,8,E,30,0,0,0,30,0
11/10/23,16:30,9,A,16,0,0,0,16,2
11/10/23,16:30,9,B,22,0,0,0,22,0
11/10/23,16:30,9,C,19,0,0,0,19,1
11/10/23,16:30,9,D,26,0,0,0,26,0
11/10/23,16:30,9,E,23,0,0,0,23,0
11/10/23,16:30,10,A,21,0,0,0,21,1
11/10/23,16:30,10,B,25,0,0,0,25,2
11/10/23,16:30,10,C,15,0,0,0,15,0
11/10/23,16:30,10,D,26,0,0,0,26,0
11/10/23,16:30,10,E,28,0,0,0,28,0
11/10/23,16:30,11,A,18,0,0,0,18,0
11/10/23,16:30,11,B,20,0,0,0,20,0
11/10/23,16:30,11,C,18,0,0,0,18,0
11/10/23,16:30,11,D,23,0,0,0,23,0
11/10/23,16:30,11,E,27,0,0,0,27,0
11/10/23,16:30,12,A,22,0,0,0,22,1
11/10/23,16:30,12,B,20,0,0,0,20,0
11/10/23,16:30,12,C,10,0,0,0,10,0
11/10/23,16:30,12,D,33,0,0,0,33,0
11/10/23,16:30,12,E,25,0,0,0,25,0
11/10/23,16:30,13,A,19,0,0,0,19,0
11/10/23,16:30,13,B,21,0,0,0,21,0
11/10/23,16:30,13,C,13,0,0,0,13,0
11/10/23,16:30,13,D,24,0,0,0,24,0
11/10/23,16:30,13,E,22,0,0,0,22,1
11/10/23,16:30,14,A,22,0,0,0,22,0
11/10/23,16:30,14,B,26,0,0,0,26,0
11/10/23,16:30,14,C,8,0,0,1,9,1
11/10/23,16:30,14,D,24,0,0,0,24,1
11/10/23,16:30,14,E,27,0,0,0,27,1
11/10/23,16:30,15,A,19,0,0,0,19,2
11/10/23,16:30,15,B,26,0,0,0,26,0
11/10/23,16:30,15,C,9,0,0,0,9,0
11/10/23,16:30,15,D,25,0,0,0,25,0
11/10/23,16:30,15,E,31,0,0,0,31,1
11/14/23,17:00,1,A,23,0,0,0,23,0
11/14/23,17:00,1,B,24,0,0,0,24,0
11/14/23,17:00,1,C,14,0,0,0,14,0
11/14/23,17:00,1,D,22,0,0,0,22,0
11/14/23,17:00,1,E,20,0,0,0,20,0
11/14/23,17:00,2,A,20,0,0,0,20,1
11/14/23,17:00,2,B,22,0,0,0,22,0
11/14/23,17:00,2,C,12,0,0,0,12,0
11/14/23,17:00,2,D,22,0,0,0,22,0
11/14/23,17:00,2,E,29,0,0,0,29,0
11/14/23,17:00,3,A,18,0,0,0,18,0
11/14/23,17:00,3,B,23,0,0,0,23,0
11/14/23,17:00,3,C,15,0,0,0,15,0
11/14/23,17:00,3,D,22,0,0,0,22,0
11/14/23,17:00,3,E,26,0,0,0,26,0
11/14/23,17:00,4,A,18,0,0,0,18,0
11/14/23,17:00,4,B,24,0,0,0,24,0
11/14/23,17:00,4,C,12,0,0,0,12,1
11/14/23,17:00,4,D,23,0,0,0,23,0
11/14/23,17:00,4,E,28,0,0,0,28,0
11/14/23,17:00,5,A,17,0,0,0,17,0
11/14/23,17:00,5,B,19,0,0,0,19,0
11/14/23,17:00,5,C,10,0,0,0,10,0
11/14/23,17:00,5,D,29,0,0,0,29,0
11/14/23,17:00,5,E,31,0,0,0,31,2
11/14/23,17:00,6,A,27,0,0,0,27,2
11/14/23,17:00,6,B,27,0,0,0,27,0
11/14/23,17:00,6,C,9,0,0,0,9,0
11/14/23,17:00,6,D,29,0,0,0,29,0
11/14/23,17:00,6,E,29,0,0,0,29,0
11/14/23,17:00,7,A,27,0,0,0,27,0
11/14/23,17:00,7,B,24,0,0,0,24,0
11/14/23,17:00,7,C,17,0,0,0,17,0
11/14/23,17:00,7,D,25,0,0,0,25,0
11/14/23,17:00,7,E,29,0,0,0,29,0
11/14/23,17:00,8,A,17,0,0,0,17,0
11/14/23,17:00,8,B,29,0,0,0,29,1
11/14/23,17:00,8,C,11,0,0,0,11,0
11/14/23,17:00,8,D,27,0,0,0,27,0
11/14/23,17:00,8,E,29,0,0,0,29,0
11/14/23,17:00,9,A,17,0,0,0,17,1
11/14/23,17:00,9,B,23,0,0,0,23,0
11/14/23,17:00,9,C,18,0,0,0,18,0
11/14/23,17:00,9,D,26,0,0,0,26,0
11/14/23,17:00,9,E,26,0,0,0,26,0
11/14/23,17:00,10,A,21,0,0,0,21,0
11/14/23,17:00,10,B,25,0,0,0,25,2
11/14/23,17:00,10,C,14,0,0,0,14,0
11/14/23,17:00,10,D,28,0,0,0,28,0
11/14/23,17:00,10,E,27,0,0,0,27,0
11/14/23,17:00,11,A,18,0,0,0,18,0
11/14/23,17:00,11,B,20,0,0,0,20,0
11/14/23,17:00,11,C,17,0,0,0,17,0
11/14/23,17:00,11,D,23,0,0,0,23,0
11/14/23,17:00,11,E,27,0,0,0,27,0
11/14/23,17:00,12,A,22,0,0,0,22,1
11/14/23,17:00,12,B,20,0,0,0,20,0
11/14/23,17:00,12,C,10,0,0,0,10,0
11/14/23,17:00,12,D,34,0,0,0,34,0
11/14/23,17:00,12,E,24,0,0,0,24,0
11/14/23,17:00,13,A,20,0,0,0,20,0
11/14/23,17:00,13,B,22,0,0,0,22,0
11/14/23,17:00,13,C,14,0,0,0,14,0
11/14/23,17:00,13,D,24,0,0,0,24,0
11/14/23,17:00,13,E,23,0,0,0,23,0
11/14/23,17:00,14,A,22,0,0,0,22,0
11/14/23,17:00,14,B,26,0,0,0,26,0
11/14/23,17:00,14,C,8,0,0,0,8,0
11/14/23,17:00,14,D,25,0,0,0,25,0
11/14/23,17:00,14,E,26,0,0,0,26,0
11/14/23,17:00,15,A,20,0,0,0,20,0
11/14/23,17:00,15,B,27,0,0,0,27,0
11/14/23,17:00,15,C,9,0,0,0,9,0
11/14/23,17:00,15,D,25,0,0,0,25,0
11/14/23,17:00,15,E,30,0,0,0,30,0
11/17/23,20:00,1,A,23,0,0,0,23,1
11/17/23,20:00,1,B,24,0,0,0,24,1
11/17/23,20:00,1,C,15,0,0,0,15,1
11/17/23,20:00,1,D,22,0,0,0,22,0
11/17/23,20:00,1,E,20,0,0,0,20,0
11/17/23,20:00,2,A,21,0,0,0,21,0
11/17/23,20:00,2,B,22,0,0,0,22,0
11/17/23,20:00,2,C,12,0,0,0,12,0
11/17/23,20:00,2,D,22,0,0,0,22,0
11/17/23,20:00,2,E,29,0,0,0,29,0
11/17/23,20:00,3,A,18,0,0,0,18,0
11/17/23,20:00,3,B,23,0,0,0,23,0
11/17/23,20:00,3,C,15,0,0,0,15,0
11/17/23,20:00,3,D,22,0,0,0,22,0
11/17/23,20:00,3,E,26,0,0,0,26,1
11/17/23,20:00,4,A,18,0,0,0,18,0
11/17/23,20:00,4,B,24,0,0,0,24,0
11/17/23,20:00,4,C,12,0,0,0,12,0
11/17/23,20:00,4,D,23,0,0,0,23,0
11/17/23,20:00,4,E,28,0,0,0,28,0
11/17/23,20:00,5,A,17,0,0,0,17,1
11/17/23,20:00,5,B,19,0,0,0,19,0
11/17/23,20:00,5,C,10,0,0,0,10,0
11/17/23,20:00,5,D,28,0,0,0,28,0
11/17/23,20:00,5,E,31,0,0,0,31,1
11/17/23,20:00,6,A,29,0,0,0,29,0
11/17/23,20:00,6,B,25,0,0,0,25,0
11/17/23,20:00,6,C,8,0,0,0,8,0
11/17/23,20:00,6,D,29,0,0,0,29,0
11/17/23,20:00,6,E,29,0,0,0,29,0
11/17/23,20:00,7,A,27,0,0,0,27,0
11/17/23,20:00,7,B,24,0,0,0,24,0
11/17/23,20:00,7,C,16,0,0,0,16,0
11/17/23,20:00,7,D,25,0,0,0,25,0
11/17/23,20:00,7,E,29,0,0,0,29,0
11/17/23,20:00,8,A,17,0,0,0,17,1
11/17/23,20:00,8,B,29,0,0,0,29,0
11/17/23,20:00,8,C,11,0,0,0,11,0
11/17/23,20:00,8,D,27,0,0,0,27,0
11/17/23,20:00,8,E,29,0,0,0,29,1
11/17/23,20:00,9,A,17,0,0,0,17,0
11/17/23,20:00,9,B,23,0,0,0,23,0
11/17/23,20:00,9,C,18,0,0,0,18,0
11/17/23,20:00,9,D,27,0,0,0,27,0
11/17/23,20:00,9,E,24,0,0,1,25,0
11/17/23,20:00,10,A,22,0,0,0,22,0
11/17/23,20:00,10,B,25,0,0,0,25,0
11/17/23,20:00,10,C,14,0,0,0,14,0
11/17/23,20:00,10,D,28,0,0,0,28,0
11/17/23,20:00,10,E,27,0,0,0,27,2
11/17/23,20:00,11,A,19,0,0,0,19,0
11/17/23,20:00,11,B,20,0,0,0,20,0
11/17/23,20:00,11,C,17,0,0,0,17,1
11/17/23,20:00,11,D,23,0,0,0,23,0
11/17/23,20:00,11,E,27,0,0,0,27,0
11/17/23,20:00,12,A,22,0,0,0,22,0
11/17/23,20:00,12,B,20,0,0,0,20,0
11/17/23,20:00,12,C,10,0,0,0,10,0
11/17/23,20:00,12,D,35,0,0,0,35,0
11/17/23,20:00,12,E,23,0,0,0,23,0
11/17/23,20:00,13,A,21,0,0,0,21,0
11/17/23,20:00,13,B,22,0,0,0,22,0
11/17/23,20:00,13,C,12,0,0,1,13,0
11/17/23,20:00,13,D,24,0,0,0,24,0
11/17/23,20:00,13,E,23,0,0,0,23,0
11/17/23,20:00,14,A,22,0,0,0,22,0
11/17/23,20:00,14,B,26,0,0,0,26,0
11/17/23,20:00,14,C,8,0,0,0,8,0
11/17/23,20:00,14,D,25,0,0,0,25,0
11/17/23,20:00,14,E,27,0,0,0,27,0
11/17/23,20:00,15,A,20,0,0,0,20,0
11/17/23,20:00,15,B,27,0,0,0,27,1
11/17/23,20:00,15,C,9,0,0,0,9,0
11/17/23,20:00,15,D,26,0,0,0,26,0
11/17/23,20:00,15,E,30,0,0,0,30,0
11/21/23,17:00,1,A,23,0,0,0,23,0
11/21/23,17:00,1,B,25,0,0,0,25,0
11/21/23,17:00,1,C,14,0,0,0,14,0
11/21/23,17:00,1,D,22,0,0,0,22,0
11/21/23,17:00,1,E,20,0,0,0,20,0
11/21/23,17:00,2,A,21,0,0,0,21,0
11/21/23,17:00,2,B,22,0,0,0,22,0
11/21/23,17:00,2,C,12,0,0,0,12,0
11/21/23,17:00,2,D,22,0,0,0,22,0
11/21/23,17:00,2,E,28,0,0,0,28,0
11/21/23,17:00,3,A,18,0,0,0,18,1
11/21/23,17:00,3,B,23,0,0,0,23,0
11/21/23,17:00,3,C,15,0,0,0,15,0
11/21/23,17:00,3,D,22,0,0,0,22,0
11/21/23,17:00,3,E,26,0,0,0,26,0
11/21/23,17:00,4,A,18,0,0,0,18,0
11/21/23,17:00,4,B,24,0,0,0,24,0
11/21/23,17:00,4,C,13,0,0,0,13,0
11/21/23,17:00,4,D,23,0,0,0,23,0
11/21/23,17:00,4,E,28,0,0,0,28,0
11/21/23,17:00,5,A,17,0,0,0,17,0
11/21/23,17:00,5,B,19,0,0,0,19,0
11/21/23,17:00,5,C,10,0,0,0,10,0
11/21/23,17:00,5,D,28,0,0,0,28,0
11/21/23,17:00,5,E,31,0,0,0,31,0
11/21/23,17:00,6,A,29,0,0,0,29,1
11/21/23,17:00,6,B,26,0,0,0,26,1
11/21/23,17:00,6,C,8,0,0,0,8,0
11/21/23,17:00,6,D,29,0,0,0,29,2
11/21/23,17:00,6,E,26,0,0,0,26,0
11/21/23,17:00,7,A,27,0,0,0,27,0
11/21/23,17:00,7,B,24,0,0,0,24,0
11/21/23,17:00,7,C,16,0,0,0,16,0
11/21/23,17:00,7,D,26,0,0,0,26,0
11/21/23,17:00,7,E,29,0,0,0,29,0
11/21/23,17:00,8,A,18,0,0,0,18,0
11/21/23,17:00,8,B,29,0,0,0,29,0
11/21/23,17:00,8,C,12,0,0,0,12,1
11/21/23,17:00,8,D,28,0,0,0,28,0
11/21/23,17:00,8,E,29,0,0,0,29,1
11/21/23,17:00,9,A,17,0,0,0,17,0
11/21/23,17:00,9,B,23,0,0,0,23,1
11/21/23,17:00,9,C,17,0,0,0,17,0
11/21/23,17:00,9,D,27,0,0,0,27,0
11/21/23,17:00,9,E,23,0,0,0,23,0
11/21/23,17:00,10,A,23,0,0,0,23,1
11/21/23,17:00,10,B,26,0,0,0,26,0
11/21/23,17:00,10,C,14,0,0,0,14,0
11/21/23,17:00,10,D,27,0,0,0,27,0
11/21/23,17:00,10,E,29,0,0,0,29,0
11/21/23,17:00,11,A,19,0,0,0,19,0
11/21/23,17:00,11,B,20,0,0,0,20,0
11/21/23,17:00,11,C,18,0,0,0,18,0
11/21/23,17:00,11,D,24,0,0,0,24,0
11/21/23,17:00,11,E,26,0,0,0,26,0
11/21/23,17:00,12,A,22,0,0,0,22,1
11/21/23,17:00,12,B,20,0,0,0,20,0
11/21/23,17:00,12,C,10,0,0,0,10,0
11/21/23,17:00,12,D,35,0,0,0,35,0
11/21/23,17:00,12,E,23,0,0,0,23,0
11/21/23,17:00,13,A,20,0,0,0,20,0
11/21/23,17:00,13,B,22,0,0,0,22,0
11/21/23,17:00,13,C,12,0,0,0,12,0
11/21/23,17:00,13,D,23,0,0,0,23,0
11/21/23,17:00,13,E,23,0,0,0,23,0
11/21/23,17:00,14,A,21,0,0,0,21,0
11/21/23,17:00,14,B,26,0,0,0,26,0
11/21/23,17:00,14,C,8,0,0,0,8,0
11/21/23,17:00,14,D,25,0,0,0,25,0
11/21/23,17:00,14,E,27,0,0,0,27,0
11/21/23,17:00,15,A,20,0,0,0,20,0
11/21/23,17:00,15,B,28,0,0,0,28,0
11/21/23,17:00,15,C,9,0,0,0,9,0
11/21/23,17:00,15,D,26,0,0,0,26,0
11/21/23,17:00,15,E,30,0,0,0,30,0
11/24/23,19:15,1,A,24,0,0,0,24,0
11/24/23,19:15,1,B,25,0,0,0,25,0
11/24/23,19:15,1,C,14,0,0,0,14,0
11/24/23,19:15,1,D,22,0,0,0,22,0
11/24/23,19:15,1,E,20,0,0,0,20,0
11/24/23,19:15,2,A,21,0,0,0,21,0
11/24/23,19:15,2,B,22,0,0,0,22,0
11/24/23,19:15,2,C,12,0,0,0,12,0
11/24/23,19:15,2,D,22,0,0,0,22,0
11/24/23,19:15,2,E,28,0,0,0,28,0
11/24/23,19:15,3,A,18,0,0,0,18,1
11/24/23,19:15,3,B,23,0,0,0,23,0
11/24/23,19:15,3,C,15,0,0,0,15,0
11/24/23,19:15,3,D,22,0,0,0,22,0
11/24/23,19:15,3,E,26,0,0,0,26,0
11/24/23,19:15,4,A,19,0,0,0,19,1
11/24/23,19:15,4,B,24,0,0,0,24,0
11/24/23,19:15,4,C,13,0,0,0,13,0
11/24/23,19:15,4,D,23,0,0,0,23,0
11/24/23,19:15,4,E,29,0,0,0,29,0
11/24/23,19:15,5,A,17,0,0,0,17,0
11/24/23,19:15,5,B,18,0,0,0,18,0
11/24/23,19:15,5,C,11,0,0,0,11,0
11/24/23,19:15,5,D,27,0,0,0,27,0
11/24/23,19:15,5,E,30,0,0,0,30,0
11/24/23,19:15,6,A,30,0,0,0,30,0
11/24/23,19:15,6,B,28,0,0,0,28,0
11/24/23,19:15,6,C,7,0,0,0,7,1
11/24/23,19:15,6,D,31,0,0,0,31,0
11/24/23,19:15,6,E,28,0,0,0,28,0
11/24/23,19:15,7,A,26,0,0,1,27,0
11/24/23,19:15,7,B,24,0,0,0,24,0
11/24/23,19:15,7,C,16,0,0,0,16,0
11/24/23,19:15,7,D,27,0,0,0,27,0
11/24/23,19:15,7,E,29,0,0,0,29,0
11/24/23,19:15,8,A,18,0,0,0,18,0
11/24/23,19:15,8,B,30,0,0,0,30,0
11/24/23,19:15,8,C,12,0,0,0,12,0
11/24/23,19:15,8,D,28,0,0,0,28,0
11/24/23,19:15,8,E,28,0,0,0,28,0
11/24/23,19:15,9,A,17,0,0,0,17,1
11/24/23,19:15,9,B,24,0,0,0,24,1
11/24/23,19:15,9,C,17,0,0,0,17,0
11/24/23,19:15,9,D,28,0,0,0,28,0
11/24/23,19:15,9,E,22,0,0,0,22,0
11/24/23,19:15,10,A,24,0,0,0,24,0
11/24/23,19:15,10,B,26,0,0,0,26,0
11/24/23,19:15,10,C,14,0,0,0,14,0
11/24/23,19:15,10,D,27,0,0,0,27,0
11/24/23,19:15,10,E,30,0,0,0,30,0
11/24/23,19:15,11,A,19,0,0,0,19,0
11/24/23,19:15,11,B,20,0,0,0,20,0
11/24/23,19:15,11,C,18,0,0,0,18,0
11/24/23,19:15,11,D,24,0,0,0,24,0
11/24/23,19:15,11,E,26,0,0,0,26,0
11/24/23,19:15,12,A,22,0,0,0,22,1
11/24/23,19:15,12,B,20,0,0,0,20,0
11/24/23,19:15,12,C,10,0,0,0,10,0
11/24/23,19:15,12,D,35,0,0,0,35,0
11/24/23,19:15,12,E,22,0,0,0,22,0
11/24/23,19:15,13,A,20,0,0,0,20,1
11/24/23,19:15,13,B,22,0,0,0,22,0
11/24/23,19:15,13,C,11,0,0,1,12,0
11/24/23,19:15,13,D,23,0,0,0,23,0
11/24/23,19:15,13,E,21,0,0,0,21,0
11/24/23,19:15,14,A,21,0,0,0,21,0
11/24/23,19:15,14,B,26,0,0,0,26,0
11/24/23,19:15,14,C,8,0,0,0,8,0
11/24/23,19:15,14,D,26,0,0,0,26,0
11/24/23,19:15,14,E,26,0,0,0,26,1
11/24/23,19:15,15,A,20,0,0,0,20,0
11/24/23,19:15,15,B,28,0,0,0,28,0
11/24/23,19:15,15,C,9,0,0,0,9,0
11/24/23,19:15,15,D,26,0,0,0,26,0
11/24/23,19:15,15,E,30,0,0,0,30,0
11/28/23,17:30,1,A,26,0,0,0,26,0
11/28/23,17:30,1,B,25,0,0,0,25,0
11/28/23,17:30,1,C,14,0,0,0,14,1
11/28/23,17:30,1,D,21,0,0,0,21,0
11/28/23,17:30,1,E,19,0,0,0,19,0
11/28/23,17:30,2,A,21,0,0,0,21,0
11/28/23,17:30,2,B,22,0,0,0,22,0
11/28/23,17:30,2,C,13,0,0,0,13,1
11/28/23,17:30,2,D,22,0,0,0,22,0
11/28/23,17:30,2,E,28,0,0,0,28,0
11/28/23,17:30,3,A,19,0,0,0,19,0
11/28/23,17:30,3,B,22,0,0,0,22,0
11/28/23,17:30,3,C,16,0,0,0,16,0
11/28/23,17:30,3,D,22,0,0,0,22,0
11/28/23,17:30,3,E,26,0,0,0,26,0
11/28/23,17:30,4,A,19,0,0,0,19,1
11/28/23,17:30,4,B,24,0,0,0,24,0
11/28/23,17:30,4,C,13,0,0,0,13,0
11/28/23,17:30,4,D,23,0,0,0,23,0
11/28/23,17:30,4,E,29,0,0,0,29,0
11/28/23,17:30,5,A,17,0,0,0,17,0
11/28/23,17:30,5,B,18,0,0,0,18,0
11/28/23,17:30,5,C,11,0,0,0,11,0
11/28/23,17:30,5,D,27,0,0,0,27,0
11/28/23,17:30,5,E,28,0,0,0,28,0
11/28/23,17:30,6,A,31,0,0,0,31,0
11/28/23,17:30,6,B,28,0,0,0,28,0
11/28/23,17:30,6,C,8,0,0,0,8,0
11/28/23,17:30,6,D,31,0,0,0,31,0
11/28/23,17:30,6,E,27,0,0,0,27,1
11/28/23,17:30,7,A,27,0,0,0,27,1
11/28/23,17:30,7,B,23,0,0,0,23,0
11/28/23,17:30,7,C,16,0,0,0,16,0
11/28/23,17:30,7,D,27,0,0,0,27,1
11/28/23,17:30,7,E,29,0,0,0,29,0
11/28/23,17:30,8,A,18,0,0,0,18,0
11/28/23,17:30,8,B,30,0,0,0,30,1
11/28/23,17:30,8,C,12,0,0,0,12,0
11/28/23,17:30,8,D,27,0,0,0,27,0
11/28/23,17:30,8,E,28,0,0,0,28,0
11/28/23,17:30,9,A,17,0,0,0,17,0
11/28/23,17:30,9,B,25,0,0,0,25,0
11/28/23,17:30,9,C,17,0,0,0,17,0
11/28/23,17:30,9,D,28,0,0,0,28,0
11/28/23,17:30,9,E,22,0,0,0,22,0
11/28/23,17:30,10,A,24,0,0,0,24,0
11/28/23,17:30,10,B,26,0,0,0,26,0
11/28/23,17:30,10,C,14,0,0,0,14,0
11/28/23,17:30,10,D,27,0,0,0,27,1
11/28/23,17:30,10,E,30,0,0,0,30,0
11/28/23,17:30,11,A,19,0,0,0,19,0
11/28/23,17:30,11,B,20,0,0,0,20,0
11/28/23,17:30,11,C,18,0,0,0,18,0
11/28/23,17:30,11,D,24,0,0,0,24,0
11/28/23,17:30,11,E,26,0,0,0,26,0
11/28/23,17:30,12,A,22,0,0,0,22,1
11/28/23,17:30,12,B,20,0,0,0,20,0
11/28/23,17:30,12,C,10,0,0,0,10,0
11/28/23,17:30,12,D,35,0,0,0,35,0
11/28/23,17:30,12,E,22,0,0,0,22,0
11/28/23,17:30,13,A,21,0,0,0,21,0
11/28/23,17:30,13,B,22,0,0,0,22,0
11/28/23,17:30,13,C,11,0,0,0,11,0
11/28/23,17:30,13,D,23,0,0,0,23,0
11/28/23,17:30,13,E,20,0,0,0,20,0
11/28/23,17:30,14,A,21,0,0,0,21,0
11/28/23,17:30,14,B,25,0,0,0,25,0
11/28/23,17:30,14,C,8,0,0,0,8,0
11/28/23,17:30,14,D,26,0,0,0,26,0
11/28/23,17:30,14,E,27,0,0,0,27,0
11/28/23,17:30,15,A,20,0,0,0,20,0
11/28/23,17:30,15,B,27,0,0,0,27,0
11/28/23,17:30,15,C,10,0,0,0,10,0
11/28/23,17:30,15,D,26,0,0,0,26,0
11/28/23,17:30,15,E,29,0,0,0,29,0
12/1/23,13:00,1,A,26,0,0,0,26,0
12/1/23,13:00,1,B,25,0,0,0,25,0
12/1/23,13:00,1,C,15,0,0,0,15,0
12/1/23,13:00,1,D,22,0,0,0,22,0
12/1/23,13:00,1,E,19,0,0,0,19,0
12/1/23,13:00,2,A,21,0,0,0,21,0
12/1/23,13:00,2,B,22,0,0,0,22,0
12/1/23,13:00,2,C,13,0,0,0,13,1
12/1/23,13:00,2,D,22,0,0,0,22,0
12/1/23,13:00,2,E,28,0,0,0,28,0
12/1/23,13:00,3,A,19,0,0,0,19,0
12/1/23,13:00,3,B,23,0,0,0,23,0
12/1/23,13:00,3,C,16,0,0,0,16,0
12/1/23,13:00,3,D,22,0,0,0,22,0
12/1/23,13:00,3,E,26,0,0,0,26,0
12/1/23,13:00,4,A,20,0,0,0,20,1
12/1/23,13:00,4,B,24,0,0,0,24,0
12/1/23,13:00,4,C,13,0,0,0,13,0
12/1/23,13:00,4,D,23,0,0,0,23,0
12/1/23,13:00,4,E,29,0,0,0,29,0
12/1/23,13:00,5,A,17,0,0,0,17,0
12/1/23,13:00,5,B,18,0,0,0,18,0
12/1/23,13:00,5,C,11,0,0,0,11,0
12/1/23,13:00,5,D,29,0,0,0,29,0
12/1/23,13:00,5,E,28,0,0,0,28,0
12/1/23,13:00,6,A,31,0,0,0,31,1
12/1/23,13:00,6,B,28,0,0,0,28,0
12/1/23,13:00,6,C,7,0,0,0,7,0
12/1/23,13:00,6,D,31,0,0,0,31,0
12/1/23,13:00,6,E,28,0,0,0,28,1
12/1/23,13:00,7,A,28,0,0,0,28,0
12/1/23,13:00,7,B,23,0,0,0,23,0
12/1/23,13:00,7,C,16,0,0,0,16,1
12/1/23,13:00,7,D,28,0,0,0,28,0
12/1/23,13:00,7,E,28,0,0,0,28,0
12/1/23,13:00,8,A,19,0,0,0,19,1
12/1/23,13:00,8,B,31,0,0,0,31,1
12/1/23,13:00,8,C,13,0,0,0,13,0
12/1/23,13:00,8,D,27,0,0,0,27,0
12/1/23,13:00,8,E,28,0,0,0,28,0
12/1/23,13:00,9,A,17,0,0,0,17,1
12/1/23,13:00,9,B,26,0,0,0,26,0
12/1/23,13:00,9,C,17,0,0,0,17,0
12/1/23,13:00,9,D,28,0,0,0,28,0
12/1/23,13:00,9,E,22,0,0,1,23,0
12/1/23,13:00,10,A,24,0,0,0,24,0
12/1/23,13:00,10,B,26,0,0,0,26,0
12/1/23,13:00,10,C,14,0,0,0,14,0
12/1/23,13:00,10,D,29,0,0,0,29,0
12/1/23,13:00,10,E,30,0,0,0,30,0
12/1/23,13:00,11,A,19,0,0,0,19,0
12/1/23,13:00,11,B,20,0,0,0,20,0
12/1/23,13:00,11,C,18,0,0,0,18,0
12/1/23,13:00,11,D,24,0,0,0,24,0
12/1/23,13:00,11,E,26,0,0,0,26,0
12/1/23,13:00,12,A,22,0,0,0,22,0
12/1/23,13:00,12,B,20,0,0,0,20,0
12/1/23,13:00,12,C,10,0,0,0,10,0
12/1/23,13:00,12,D,35,0,0,0,35,0
12/1/23,13:00,12,E,23,0,0,0,23,0
12/1/23,13:00,13,A,22,0,0,0,22,0
12/1/23,13:00,13,B,21,0,0,0,21,0
12/1/23,13:00,13,C,11,0,0,0,11,0
12/1/23,13:00,13,D,22,0,0,0,22,0
12/1/23,13:00,13,E,20,0,0,0,20,0
12/1/23,13:00,14,A,20,0,0,0,20,0
12/1/23,13:00,14,B,25,0,0,0,25,0
12/1/23,13:00,14,C,8,0,0,0,8,0
12/1/23,13:00,14,D,26,0,0,0,26,0
12/1/23,13:00,14,E,28,0,0,0,28,0
12/1/23,13:00,15,A,20,0,0,0,20,0
12/1/23,13:00,15,B,27,0,0,0,27,0
12/1/23,13:00,15,C,10,0,0,0,10,0
12/1/23,13:00,15,D,26,0,0,0,26,0
12/1/23,13:00,15,E,29,0,0,0,29,0
12/5/23,14:30,1,A,26,0,0,0,26,0
12/5/23,14:30,1,B,25,0,0,0,25,0
12/5/23,14:30,1,C,15,0,0,0,15,0
12/5/23,14:30,1,D,22,0,0,0,22,0
12/5/23,14:30,1,E,19,0,0,0,19,0
12/5/23,14:30,2,A,21,0,0,0,21,0
12/5/23,14:30,2,B,23,0,0,0,23,0
12/5/23,14:30,2,C,14,0,0,0,14,0
12/5/23,14:30,2,D,22,0,0,0,22,0
12/5/23,14:30,2,E,28,0,0,0,28,0
12/5/23,14:30,3,A,19,0,0,0,19,0
12/5/23,14:30,3,B,23,0,0,0,23,0
12/5/23,14:30,3,C,15,0,0,0,15,0
12/5/23,14:30,3,D,22,0,0,0,22,0
12/5/23,14:30,3,E,24,0,0,0,24,0
12/5/23,14:30,4,A,21,0,0,0,21,0
12/5/23,14:30,4,B,24,0,0,0,24,1
12/5/23,14:30,4,C,13,0,0,0,13,0
12/5/23,14:30,4,D,23,0,0,0,23,0
12/5/23,14:30,4,E,29,0,0,0,29,0
12/5/23,14:30,5,A,17,0,0,0,17,0
12/5/23,14:30,5,B,16,0,0,0,16,0
12/5/23,14:30,5,C,11,0,0,0,11,0
12/5/23,14:30,5,D,29,0,0,0,29,0
12/5/23,14:30,5,E,28,0,0,0,28,0
12/5/23,14:30,6,A,22,0,11,0,33,1
12/5/23,14:30,6,B,18,0,9,0,27,0
12/5/23,14:30,6,C,7,0,0,0,7,0
12/5/23,14:30,6,D,32,0,0,0,32,0
12/5/23,14:30,6,E,24,0,4,0,28,0
12/5/23,14:30,7,A,21,0,7,0,28,0
12/5/23,14:30,7,B,20,0,4,0,24,1
12/5/23,14:30,7,C,16,0,0,0,16,1
12/5/23,14:30,7,D,28,0,0,0,28,0
12/5/23,14:30,7,E,21,0,5,0,26,0
12/5/23,14:30,8,A,16,0,3,0,19,1
12/5/23,14:30,8,B,25,0,7,0,32,0
12/5/23,14:30,8,C,13,0,0,0,13,0
12/5/23,14:30,8,D,27,0,0,0,27,0
12/5/23,14:30,8,E,15,0,13,0,28,0
12/5/23,14:30,9,A,12,0,5,0,17,1
12/5/23,14:30,9,B,22,0,4,0,26,0
12/5/23,14:30,9,C,18,0,0,0,18,0
12/5/23,14:30,9,D,28,0,0,0,28,0
12/5/23,14:30,9,E,15,0,7,0,22,0
12/5/23,14:30,10,A,17,0,7,0,24,0
12/5/23,14:30,10,B,21,0,5,0,26,0
12/5/23,14:30,10,C,15,0,0,0,15,0
12/5/23,14:30,10,D,29,0,0,0,29,0
12/5/23,14:30,10,E,22,0,8,0,30,0
12/5/23,14:30,11,A,13,0,6,0,19,0
12/5/23,14:30,11,B,17,0,3,0,20,0
12/5/23,14:30,11,C,18,0,0,0,18,0
12/5/23,14:30,11,D,24,0,0,0,24,0
12/5/23,14:30,11,E,16,0,9,0,25,0
12/5/23,14:30,12,A,19,0,3,0,22,0
12/5/23,14:30,12,B,15,0,5,0,20,0
12/5/23,14:30,12,C,10,0,0,0,10,0
12/5/23,14:30,12,D,35,0,0,0,35,0
12/5/23,14:30,12,E,20,0,3,0,23,0
12/5/23,14:30,13,A,17,0,5,0,22,1
12/5/23,14:30,13,B,15,0,6,0,21,0
12/5/23,14:30,13,C,11,0,0,0,11,0
12/5/23,14:30,13,D,22,0,0,0,22,0
12/5/23,14:30,13,E,12,0,7,0,19,0
12/5/23,14:30,14,A,13,0,7,0,20,0
12/5/23,14:30,14,B,20,0,5,0,25,0
12/5/23,14:30,14,C,8,0,0,0,8,0
12/5/23,14:30,14,D,26,0,0,0,26,0
12/5/23,14:30,14,E,24,0,4,0,28,0
12/5/23,14:30,15,A,15,0,5,0,20,0
12/5/23,14:30,15,B,23,0,4,0,27,0
12/5/23,14:30,15,C,9,0,0,0,9,0
12/5/23,14:30,15,D,26,0,0,0,26,0
12/5/23,14:30,15,E,26,0,3,0,29,0
12/8/23,21:00,1,A,26,0,0,0,26,0
12/8/23,21:00,1,B,25,0,0,0,25,0
12/8/23,21:00,1,C,14,0,1,0,15,0
12/8/23,21:00,1,D,21,0,0,0,21,0
12/8/23,21:00,1,E,19,0,0,0,19,0
12/8/23,21:00,2,A,21,0,0,0,21,0
12/8/23,21:00,2,B,17,0,5,0,22,0
12/8/23,21:00,2,C,14,0,0,0,14,0
12/8/23,21:00,2,D,22,0,0,0,22,0
12/8/23,21:00,2,E,28,0,0,0,28,0
12/8/23,21:00,3,A,13,0,6,0,19,0
12/8/23,21:00,3,B,15,0,8,0,23,0
12/8/23,21:00,3,C,15,0,0,0,15,0
12/8/23,21:00,3,D,22,0,0,0,22,0
12/8/23,21:00,3,E,26,0,0,0,26,0
12/8/23,21:00,4,A,20,0,0,0,20,0
12/8/23,21:00,4,B,25,0,0,0,25,0
12/8/23,21:00,4,C,13,0,0,0,13,0
12/8/23,21:00,4,D,23,0,0,0,23,0
12/8/23,21:00,4,E,27,0,0,0,27,0
12/8/23,21:00,5,A,17,0,0,0,17,0
12/8/23,21:00,5,B,16,0,0,0,16,0
12/8/23,21:00,5,C,11,0,0,0,11,0
12/8/23,21:00,5,D,31,0,0,0,31,0
12/8/23,21:00,5,E,29,0,0,0,29,0
12/8/23,21:00,6,A,23,0,0,0,23,0
12/8/23,21:00,6,B,18,0,0,0,18,0
12/8/23,21:00,6,C,7,0,0,0,7,0
12/8/23,21:00,6,D,31,0,0,0,31,0
12/8/23,21:00,6,E,24,0,0,0,24,0
12/8/23,21:00,7,A,21,0,0,0,21,0
12/8/23,21:00,7,B,21,0,0,0,21,0
12/8/23,21:00,7,C,17,0,0,0,17,0
12/8/23,21:00,7,D,28,0,0,0,28,0
12/8/23,21:00,7,E,21,0,0,0,21,0
12/8/23,21:00,8,A,16,0,0,0,16,0
12/8/23,21:00,8,B,25,0,0,0,25,0
12/8/23,21:00,8,C,12,0,0,0,12,0
12/8/23,21:00,8,D,27,0,0,0,27,0
12/8/23,21:00,8,E,15,0,0,0,15,0
12/8/23,21:00,9,A,12,0,0,0,12,0
12/8/23,21:00,9,B,22,0,0,0,22,0
12/8/23,21:00,9,C,18,0,0,0,18,0
12/8/23,21:00,9,D,28,0,0,0,28,0
12/8/23,21:00,9,E,13,0,0,0,13,1
12/8/23,21:00,10,A,17,0,0,0,17,0
12/8/23,21:00,10,B,21,0,0,0,21,0
12/8/23,21:00,10,C,14,0,0,0,14,0
12/8/23,21:00,10,D,29,0,0,0,29,0
12/8/23,21:00,10,E,23,0,0,0,23,0
12/8/23,21:00,11,A,13,0,0,0,13,0
12/8/23,21:00,11,B,17,0,0,0,17,0
12/8/23,21:00,11,C,18,0,0,0,18,0
12/8/23,21:00,11,D,24,0,0,0,24,0
12/8/23,21:00,11,E,16,0,0,0,16,0
12/8/23,21:00,12,A,19,0,0,0,19,0
12/8/23,21:00,12,B,10,0,5,0,15,0
12/8/23,21:00,12,C,10,0,0,0,10,0
12/8/23,21:00,12,D,35,0,0,0,35,0
12/8/23,21:00,12,E,20,0,0,0,20,0
12/8/23,21:00,13,A,8,0,10,0,18,0
12/8/23,21:00,13,B,15,0,0,0,15,0
12/8/23,21:00,13,C,11,0,0,0,11,0
12/8/23,21:00,13,D,21,0,0,0,21,0
12/8/23,21:00,13,E,12,0,0,0,12,0
12/8/23,21:00,14,A,13,0,0,0,13,0
12/8/23,21:00,14,B,20,0,0,0,20,0
12/8/23,21:00,14,C,8,0,0,0,8,0
12/8/23,21:00,14,D,25,0,0,0,25,0
12/8/23,21:00,14,E,23,0,0,0,23,0
12/8/23,21:00,15,A,15,0,0,0,15,0
12/8/23,21:00,15,B,23,0,0,0,23,0
12/8/23,21:00,15,C,9,0,0,0,9,0
12/8/23,21:00,15,D,26,0,0,0,26,0
12/8/23,21:00,15,E,25,0,0,0,25,0
12/12/23,12:00,1,A,20,0,6,0,26,0
12/12/23,12:00,1,B,17,0,8,0,25,0
12/12/23,12:00,1,C,14,0,0,0,14,0
12/12/23,12:00,1,D,22,0,0,0,22,0
12/12/23,12:00,1,E,16,0,3,0,19,0
12/12/23,12:00,2,A,11,0,10,0,21,0
12/12/23,12:00,2,B,13,0,5,0,18,0
12/12/23,12:00,2,C,14,0,0,0,14,0
12/12/23,12:00,2,D,22,0,0,0,22,0
12/12/23,12:00,2,E,18,0,9,0,27,0
12/12/23,12:00,3,A,9,0,4,0,13,0
12/12/23,12:00,3,B,10,0,5,0,15,0
12/12/23,12:00,3,C,15,0,0,0,15,0
12/12/23,12:00,3,D,22,0,0,0,22,0
12/12/23,12:00,3,E,17,0,8,0,25,0
12/12/23,12:00,4,A,12,0,8,0,20,0
12/12/23,12:00,4,B,22,0,3,0,25,0
12/12/23,12:00,4,C,13,0,0,0,13,1
12/12/23,12:00,4,D,23,0,0,0,23,0
12/12/23,12:00,4,E,14,0,14,0,28,0
12/12/23,12:00,5,A,12,0,7,0,19,0
12/12/23,12:00,5,B,13,0,3,0,16,0
12/12/23,12:00,5,C,11,0,0,0,11,0
12/12/23,12:00,5,D,31,0,0,0,31,0
12/12/23,12:00,5,E,22,0,6,0,28,0
12/12/23,12:00,6,A,23,0,0,0,23,0
12/12/23,12:00,6,B,17,0,0,0,17,0
12/12/23,12:00,6,C,7,0,0,0,7,0
12/12/23,12:00,6,D,31,0,0,0,31,0
12/12/23,12:00,6,E,22,0,0,0,22,0
12/12/23,12:00,7,A,15,0,6,0,21,1
12/12/23,12:00,7,B,18,0,3,0,21,0
12/12/23,12:00,7,C,17,0,0,0,17,0
12/12/23,12:00,7,D,28,0,0,0,28,0
12/12/23,12:00,7,E,18,0,3,0,21,0
12/12/23,12:00,8,A,8,0,8,0,16,0
12/12/23,12:00,8,B,25,0,0,0,25,0
12/12/23,12:00,8,C,13,0,0,0,13,0
12/12/23,12:00,8,D,28,0,0,0,28,0
12/12/23,12:00,8,E,15,0,0,0,15,0
12/12/23,12:00,9,A,12,0,0,0,12,0
12/12/23,12:00,9,B,19,0,3,0,22,0
12/12/23,12:00,9,C,18,0,0,0,18,0
12/12/23,12:00,9,D,29,0,0,0,29,0
12/12/23,12:00,9,E,14,0,0,0,14,0
12/12/23,12:00,10,A,17,0,0,0,17,1
12/12/23,12:00,10,B,22,0,0,0,22,0
12/12/23,12:00,10,C,15,0,0,0,15,0
12/12/23,12:00,10,D,30,0,0,0,30,0
12/12/23,12:00,10,E,13,0,8,0,21,0
12/12/23,12:00,11,A,13,0,0,0,13,0
12/12/23,12:00,11,B,14,0,3,0,17,0
12/12/23,12:00,11,C,18,0,0,0,18,0
12/12/23,12:00,11,D,24,0,0,0,24,0
12/12/23,12:00,11,E,16,0,0,0,16,0
12/12/23,12:00,12,A,19,0,0,0,19,0
12/12/23,12:00,12,B,10,0,0,0,10,0
12/12/23,12:00,12,C,10,0,0,0,10,0
12/12/23,12:00,12,D,36,0,0,0,36,0
12/12/23,12:00,12,E,20,0,0,0,20,0
12/12/23,12:00,13,A,8,0,0,0,8,0
12/12/23,12:00,13,B,15,0,0,0,15,0
12/12/23,12:00,13,C,11,0,0,0,11,1
12/12/23,12:00,13,D,21,0,0,0,21,0
12/12/23,12:00,13,E,12,0,0,0,12,0
12/12/23,12:00,14,A,8,0,5,0,13,0
12/12/23,12:00,14,B,13,0,7,0,20,0
12/12/23,12:00,14,C,8,0,0,0,8,0
12/12/23,12:00,14,D,25,0,0,0,25,0
12/12/23,12:00,14,E,21,0,3,0,24,0
12/12/23,12:00,15,A,8,0,7,0,15,0
12/12/23,12:00,15,B,23,0,0,0,23,0
12/12/23,12:00,15,C,9,0,0,0,9,0
12/12/23,12:00,15,D,26,0,0,0,26,0
12/12/23,12:00,15,E,19,0,7,0,26,0
12/15/23,18:30,1,A,19,0,1,0,20,0
12/15/23,18:30,1,B,17,0,0,0,17,0
12/15/23,18:30,1,C,14,0,0,0,14,0
12/15/23,18:30,1,D,22,0,0,0,22,0
12/15/23,18:30,1,E,16,0,0,0,16,0
12/15/23,18:30,2,A,11,0,0,0,11,0
12/15/23,18:30,2,B,13,0,0,0,13,0
12/15/23,18:30,2,C,14,0,0,0,14,0
12/15/23,18:30,2,D,22,0,0,0,22,0
12/15/23,18:30,2,E,18,0,0,0,18,0
12/15/23,18:30,3,A,9,0,0,0,9,0
12/15/23,18:30,3,B,10,0,5,0,15,0
12/15/23,18:30,3,C,15,0,0,0,15,0
12/15/23,18:30,3,D,22,0,0,0,22,0
12/15/23,18:30,3,E,16,0,3,0,19,0
12/15/23,18:30,4,A,12,0,4,0,16,0
12/15/23,18:30,4,B,22,0,0,0,22,0
12/15/23,18:30,4,C,13,0,0,0,13,0
12/15/23,18:30,4,D,23,0,0,0,23,0
12/15/23,18:30,4,E,14,0,0,0,14,0
12/15/23,18:30,5,A,12,0,0,0,12,0
12/15/23,18:30,5,B,13,0,0,0,13,0
12/15/23,18:30,5,C,11,0,0,0,11,0
12/15/23,18:30,5,D,31,0,0,0,31,0
12/15/23,18:30,5,E,21,0,0,0,21,0
12/15/23,18:30,6,A,24,0,0,0,24,0
12/15/23,18:30,6,B,17,0,0,0,17,0
12/15/23,18:30,6,C,7,0,0,0,7,0
12/15/23,18:30,6,D,31,0,0,0,31,0
12/15/23,18:30,6,E,22,0,0,0,22,0
12/15/23,18:30,7,A,15,0,0,0,15,0
12/15/23,18:30,7,B,18,0,0,0,18,0
12/15/23,18:30,7,C,17,0,0,0,17,0
12/15/23,18:30,7,D,28,0,0,0,28,1
12/15/23,18:30,7,E,17,0,0,0,17,0
12/15/23,18:30,8,A,8,0,0,0,8,0
12/15/23,18:30,8,B,25,0,0,0,25,0
12/15/23,18:30,8,C,13,0,0,0,13,0
12/15/23,18:30,8,D,28,0,0,0,28,0
12/15/23,18:30,8,E,15,0,0,0,15,0
12/15/23,18:30,9,A,12,0,0,0,12,0
12/15/23,18:30,9,B,18,0,0,0,18,0
12/15/23,18:30,9,C,18,0,0,0,18,0
12/15/23,18:30,9,D,29,0,0,0,29,0
12/15/23,18:30,9,E,14,0,0,0,14,0
12/15/23,18:30,10,A,18,0,0,0,18,0
12/15/23,18:30,10,B,20,0,0,0,20,0
12/15/23,18:30,10,C,15,0,0,0,15,0
12/15/23,18:30,10,D,28,0,0,0,28,0
12/15/23,18:30,10,E,14,0,0,0,14,0
12/15/23,18:30,11,A,13,0,0,0,13,0
12/15/23,18:30,11,B,15,0,0,0,15,0
12/15/23,18:30,11,C,18,0,0,0,18,0
12/15/23,18:30,11,D,24,0,0,0,24,0
12/15/23,18:30,11,E,16,0,0,0,16,0
12/15/23,18:30,12,A,19,0,0,0,19,0
12/15/23,18:30,12,B,10,0,0,0,10,0
12/15/23,18:30,12,C,10,0,0,0,10,0
12/15/23,18:30,12,D,36,0,0,0,36,0
12/15/23,18:30,12,E,20,0,0,0,20,0
12/15/23,18:30,13,A,8,0,0,0,8,0
12/15/23,18:30,13,B,15,0,0,0,15,0
12/15/23,18:30,13,C,12,0,0,0,12,0
12/15/23,18:30,13,D,22,0,0,0,22,0
12/15/23,18:30,13,E,12,0,0,0,12,0
12/15/23,18:30,14,A,8,0,0,0,8,0
12/15/23,18:30,14,B,13,0,0,0,13,0
12/15/23,18:30,14,C,7,0,0,0,7,0
12/15/23,18:30,14,D,25,0,0,0,25,0
12/15/23,18:30,14,E,21,0,0,0,21,0
12/15/23,18:30,15,A,8,0,0,0,8,0
12/15/23,18:30,15,B,23,0,0,0,23,0
12/15/23,18:30,15,C,9,0,0,0,9,0
12/15/23,18:30,15,D,26,0,0,0,26,0
12/15/23,18:30,15,E,19,0,0,0,19,0
12/19/23,18:30,1,A,19,0,0,0,19,0
12/19/23,18:30,1,B,17,0,0,0,17,0
12/19/23,18:30,1,C,14,0,0,0,14,1
12/19/23,18:30,1,D,22,0,0,1,23,0
12/19/23,18:30,1,E,16,0,0,0,16,0
12/19/23,18:30,2,A,11,0,0,0,11,0
12/19/23,18:30,2,B,13,0,0,0,13,0
12/19/23,18:30,2,C,14,0,0,0,14,0
12/19/23,18:30,2,D,22,0,0,0,22,0
12/19/23,18:30,2,E,18,0,0,0,18,0
12/19/23,18:30,3,A,9,0,0,0,9,0
12/19/23,18:30,3,B,10,0,0,0,10,0
12/19/23,18:30,3,C,15,0,0,0,15,0
12/19/23,18:30,3,D,22,0,0,0,22,0
12/19/23,18:30,3,E,16,0,0,0,16,0
12/19/23,18:30,4,A,12,0,0,0,12,0
12/19/23,18:30,4,B,22,0,0,0,22,0
12/19/23,18:30,4,C,13,0,0,0,13,0
12/19/23,18:30,4,D,23,0,0,0,23,0
12/19/23,18:30,4,E,14,0,0,0,14,0
12/19/23,18:30,5,A,12,0,0,0,12,0
12/19/23,18:30,5,B,14,0,0,0,14,0
12/19/23,18:30,5,C,11,0,0,0,11,0
12/19/23,18:30,5,D,31,0,0,0,31,0
12/19/23,18:30,5,E,21,0,0,0,21,0
12/19/23,18:30,6,A,24,0,0,0,24,0
12/19/23,18:30,6,B,17,0,0,0,17,0
12/19/23,18:30,6,C,7,0,0,0,7,0
12/19/23,18:30,6,D,31,0,0,0,31,0
12/19/23,18:30,6,E,21,0,0,0,21,1
12/19/23,18:30,7,A,15,0,0,0,15,0
12/19/23,18:30,7,B,18,0,0,0,18,0
12/19/23,18:30,7,C,17,0,0,0,17,0
12/19/23,18:30,7,D,29,0,0,0,29,0
12/19/23,18:30,7,E,18,0,0,0,18,0
12/19/23,18:30,8,A,8,0,0,0,8,0
12/19/23,18:30,8,B,25,0,0,0,25,0
12/19/23,18:30,8,C,13,0,0,0,13,0
12/19/23,18:30,8,D,28,0,0,0,28,0
12/19/23,18:30,8,E,15,0,0,0,15,0
12/19/23,18:30,9,A,12,0,0,0,12,0
12/19/23,18:30,9,B,18,0,0,0,18,0
12/19/23,18:30,9,C,18,0,0,0,18,0
12/19/23,18:30,9,D,29,0,0,0,29,0
12/19/23,18:30,9,E,14,0,0,0,14,0
12/19/23,18:30,10,A,18,0,0,0,18,0
12/19/23,18:30,10,B,21,0,0,0,21,0
12/19/23,18:30,10,C,15,0,0,0,15,0
12/19/23,18:30,10,D,28,0,0,0,28,0
12/19/23,18:30,10,E,14,0,0,0,14,0
12/19/23,18:30,11,A,13,0,0,0,13,0
12/19/23,18:30,11,B,15,0,0,0,15,0
12/19/23,18:30,11,C,18,0,0,0,18,0
12/19/23,18:30,11,D,24,0,0,0,24,0
12/19/23,18:30,11,E,16,0,0,0,16,0
12/19/23,18:30,12,A,19,0,0,0,19,0
12/19/23,18:30,12,B,10,0,0,0,10,0
12/19/23,18:30,12,C,10,0,0,0,10,0
12/19/23,18:30,12,D,36,0,0,0,36,0
12/19/23,18:30,12,E,20,0,0,0,20,0
12/19/23,18:30,13,A,8,0,0,0,8,0
12/19/23,18:30,13,B,15,0,0,0,15,0
12/19/23,18:30,13,C,12,0,0,0,12,0
12/19/23,18:30,13,D,22,0,0,0,22,0
12/19/23,18:30,13,E,12,0,0,0,12,0
12/19/23,18:30,14,A,8,0,0,0,8,0
12/19/23,18:30,14,B,13,0,0,0,13,0
12/19/23,18:30,14,C,8,0,0,0,8,0
12/19/23,18:30,14,D,25,0,0,0,25,0
12/19/23,18:30,14,E,21,0,0,0,21,0
12/19/23,18:30,15,A,8,0,0,0,8,0
12/19/23,18:30,15,B,23,0,0,0,23,0
12/19/23,18:30,15,C,9,0,0,0,9,0
12/19/23,18:30,15,D,26,0,0,0,26,0
12/19/23,18:30,15,E,19,0,0,0,19,0
12/22/23,20:30,1,A,19,0,0,0,19,0
12/22/23,20:30,1,B,17,0,0,0,17,0
12/22/23,20:30,1,C,15,0,0,0,15,1
12/22/23,20:30,1,D,23,0,0,0,23,0
12/22/23,20:30,1,E,16,0,0,0,16,0
12/22/23,20:30,2,A,11,0,0,0,11,0
12/22/23,20:30,2,B,13,0,0,0,13,0
12/22/23,20:30,2,C,14,0,0,0,14,0
12/22/23,20:30,2,D,22,0,0,0,22,0
12/22/23,20:30,2,E,18,0,0,0,18,0
12/22/23,20:30,3,A,9,0,0,0,9,0
12/22/23,20:30,3,B,10,0,0,0,10,0
12/22/23,20:30,3,C,15,0,0,0,15,0
12/22/23,20:30,3,D,22,0,0,0,22,0
12/22/23,20:30,3,E,16,0,0,0,16,0
12/22/23,20:30,4,A,12,0,0,0,12,0
12/22/23,20:30,4,B,22,0,0,0,22,0
12/22/23,20:30,4,C,13,0,0,0,13,0
12/22/23,20:30,4,D,23,0,0,0,23,0
12/22/23,20:30,4,E,14,0,0,0,14,0
12/22/23,20:30,5,A,12,0,0,0,12,0
12/22/23,20:30,5,B,13,0,0,0,13,0
12/22/23,20:30,5,C,11,0,0,0,11,0
12/22/23,20:30,5,D,30,0,0,0,30,0
12/22/23,20:30,5,E,21,0,0,0,21,0
12/22/23,20:30,6,A,24,0,0,0,24,0
12/22/23,20:30,6,B,17,0,0,0,17,0
12/22/23,20:30,6,C,7,0,0,0,7,0
12/22/23,20:30,6,D,31,0,0,0,31,0
12/22/23,20:30,6,E,22,0,0,0,22,0
12/22/23,20:30,7,A,15,0,0,0,15,0
12/22/23,20:30,7,B,18,0,0,0,18,0
12/22/23,20:30,7,C,17,0,0,0,17,0
12/22/23,20:30,7,D,28,0,0,0,28,0
12/22/23,20:30,7,E,18,0,0,0,18,0
12/22/23,20:30,8,A,8,0,0,0,8,0
12/22/23,20:30,8,B,25,0,0,0,25,0
12/22/23,20:30,8,C,13,0,0,0,13,0
12/22/23,20:30,8,D,27,0,0,0,27,0
12/22/23,20:30,8,E,15,0,0,0,15,0
12/22/23,20:30,9,A,12,0,0,0,12,0
12/22/23,20:30,9,B,18,0,0,0,18,0
12/22/23,20:30,9,C,18,0,0,0,18,0
12/22/23,20:30,9,D,29,0,0,0,29,0
12/22/23,20:30,9,E,14,0,0,0,14,0
12/22/23,20:30,10,A,18,0,0,0,18,0
12/22/23,20:30,10,B,21,0,0,0,21,0
12/22/23,20:30,10,C,15,0,0,0,15,0
12/22/23,20:30,10,D,29,0,0,0,29,0
12/22/23,20:30,10,E,14,0,0,0,14,0
12/22/23,20:30,11,A,13,0,0,0,13,0
12/22/23,20:30,11,B,14,0,0,0,14,0
12/22/23,20:30,11,C,18,0,0,0,18,0
12/22/23,20:30,11,D,24,0,0,0,24,0
12/22/23,20:30,11,E,16,0,0,0,16,0
12/22/23,20:30,12,A,19,0,0,0,19,0
12/22/23,20:30,12,B,10,0,0,0,10,1
12/22/23,20:30,12,C,10,0,0,0,10,0
12/22/23,20:30,12,D,36,0,0,0,36,0
12/22/23,20:30,12,E,20,0,0,0,20,0
12/22/23,20:30,13,A,8,0,0,0,8,1
12/22/23,20:30,13,B,15,0,0,0,15,0
12/22/23,20:30,13,C,12,0,0,0,12,0
12/22/23,20:30,13,D,22,0,0,0,22,0
12/22/23,20:30,13,E,12,0,0,0,12,0
12/22/23,20:30,14,A,8,0,0,0,8,0
12/22/23,20:30,14,B,13,0,0,0,13,0
12/22/23,20:30,14,C,8,0,0,0,8,0
12/22/23,20:30,14,D,25,0,0,0,25,0
12/22/23,20:30,14,E,19,0,0,0,19,0
12/22/23,20:30,15,A,8,0,0,0,8,0
12/22/23,20:30,15,B,23,0,0,0,23,0
12/22/23,20:30,15,C,9,0,0,0,9,0
12/22/23,20:30,15,D,26,0,0,0,26,0
12/22/23,20:30,15,E,19,0,0,0,19,0
12/26/23,20:00,1,A,20,0,0,0,20,0
12/26/23,20:00,1,B,17,0,0,0,17,0
12/26/23,20:00,1,C,16,0,0,0,16,0
12/26/23,20:00,1,D,24,0,0,0,24,0
12/26/23,20:00,1,E,16,0,0,0,16,0
12/26/23,20:00,2,A,11,0,0,0,11,0
12/26/23,20:00,2,B,13,0,0,0,13,0
12/26/23,20:00,2,C,14,0,0,0,14,0
12/26/23,20:00,2,D,22,0,0,0,22,0
12/26/23,20:00,2,E,18,0,0,0,18,0
12/26/23,20:00,3,A,9,0,0,0,9,0
12/26/23,20:00,3,B,10,0,0,0,10,0
12/26/23,20:00,3,C,15,0,0,0,15,0
12/26/23,20:00,3,D,22,0,0,0,22,0
12/26/23,20:00,3,E,16,0,0,0,16,0
12/26/23,20:00,4,A,13,0,0,0,13,0
12/26/23,20:00,4,B,22,0,0,0,22,0
12/26/23,20:00,4,C,13,0,0,0,13,0
12/26/23,20:00,4,D,23,0,0,0,23,0
12/26/23,20:00,4,E,14,0,0,0,14,0
12/26/23,20:00,5,A,12,0,0,0,12,0
12/26/23,20:00,5,B,13,0,0,0,13,0
12/26/23,20:00,5,C,11,0,0,0,11,0
12/26/23,20:00,5,D,30,0,0,0,30,0
12/26/23,20:00,5,E,21,0,0,0,21,0
12/26/23,20:00,6,A,24,0,0,0,24,0
12/26/23,20:00,6,B,17,0,0,0,17,0
12/26/23,20:00,6,C,7,0,0,0,7,0
12/26/23,20:00,6,D,31,0,0,0,31,0
12/26/23,20:00,6,E,22,0,0,0,22,0
12/26/23,20:00,7,A,15,0,0,0,15,0
12/26/23,20:00,7,B,18,0,0,0,18,0
12/26/23,20:00,7,C,17,0,0,0,17,0
12/26/23,20:00,7,D,29,0,0,0,29,0
12/26/23,20:00,7,E,18,0,0,0,18,0
12/26/23,20:00,8,A,8,0,0,0,8,0
12/26/23,20:00,8,B,25,0,0,0,25,0
12/26/23,20:00,8,C,13,0,0,0,13,0
12/26/23,20:00,8,D,29,0,0,0,29,1
12/26/23,20:00,8,E,15,0,0,0,15,0
12/26/23,20:00,9,A,12,0,0,0,12,0
12/26/23,20:00,9,B,18,0,0,0,18,0
12/26/23,20:00,9,C,18,0,0,0,18,0
12/26/23,20:00,9,D,29,0,0,0,29,1
12/26/23,20:00,9,E,14,0,0,0,14,0
12/26/23,20:00,10,A,18,0,0,0,18,0
12/26/23,20:00,10,B,21,0,0,0,21,0
12/26/23,20:00,10,C,15,0,0,0,15,0
12/26/23,20:00,10,D,29,0,0,0,29,1
12/26/23,20:00,10,E,14,0,0,0,14,0
12/26/23,20:00,11,A,13,0,0,0,13,0
12/26/23,20:00,11,B,14,0,0,0,14,1
12/26/23,20:00,11,C,18,0,0,0,18,0
12/26/23,20:00,11,D,24,0,0,0,24,0
12/26/23,20:00,11,E,16,0,0,0,16,0
12/26/23,20:00,12,A,19,0,0,0,19,0
12/26/23,20:00,12,B,11,0,0,0,11,0
12/26/23,20:00,12,C,10,0,0,0,10,0
12/26/23,20:00,12,D,36,0,0,0,36,0
12/26/23,20:00,12,E,20,0,0,0,20,0
12/26/23,20:00,13,A,9,0,0,0,9,0
12/26/23,20:00,13,B,15,0,0,0,15,0
12/26/23,20:00,13,C,12,0,0,0,12,0
12/26/23,20:00,13,D,22,0,0,0,22,0
12/26/23,20:00,13,E,12,0,0,0,12,0
12/26/23,20:00,14,A,8,0,0,0,8,0
12/26/23,20:00,14,B,13,0,0,0,13,0
12/26/23,20:00,14,C,8,0,0,0,8,0
12/26/23,20:00,14,D,25,0,0,0,25,0
12/26/23,20:00,14,E,20,0,0,0,20,0
12/26/23,20:00,15,A,8,0,0,0,8,1
12/26/23,20:00,15,B,23,0,0,0,23,0
12/26/23,20:00,15,C,9,0,0,0,9,0
12/26/23,20:00,15,D,26,0,0,0,26,0
12/26/23,20:00,15,E,19,0,0,0,19,0
12/29/23,20:30,1,A,20,0,0,0,20,0
12/29/23,20:30,1,B,17,0,0,0,17,0
12/29/23,20:30,1,C,16,0,0,0,16,0
12/29/23,20:30,1,D,24,0,0,0,24,0
12/29/23,20:30,1,E,16,0,0,0,16,0
12/29/23,20:30,2,A,11,0,0,0,11,0
12/29/23,20:30,2,B,13,0,0,0,13,0
12/29/23,20:30,2,C,14,0,0,0,14,0
12/29/23,20:30,2,D,22,0,0,0,22,0
12/29/23,20:30,2,E,18,0,0,0,18,0
12/29/23,20:30,3,A,9,0,0,0,9,0
12/29/23,20:30,3,B,10,0,0,0,10,0
12/29/23,20:30,3,C,15,0,0,0,15,0
12/29/23,20:30,3,D,22,0,0,0,22,0
12/29/23,20:30,3,E,16,0,0,0,16,0
12/29/23,20:30,4,A,13,0,0,0,13,0
12/29/23,20:30,4,B,23,0,0,0,23,0
12/29/23,20:30,4,C,13,0,0,0,13,0
12/29/23,20:30,4,D,23,0,0,0,23,0
12/29/23,20:30,4,E,14,0,0,0,14,0
12/29/23,20:30,5,A,12,0,0,0,12,0
12/29/23,20:30,5,B,13,0,0,0,13,0
12/29/23,20:30,5,C,11,0,0,0,11,0
12/29/23,20:30,5,D,31,0,0,0,31,0
12/29/23,20:30,5,E,21,0,0,0,21,0
12/29/23,20:30,6,A,24,0,0,0,24,0
12/29/23,20:30,6,B,17,0,0,0,17,0
12/29/23,20:30,6,C,7,0,0,0,7,0
12/29/23,20:30,6,D,31,0,0,0,31,0
12/29/23,20:30,6,E,22,0,0,0,22,0
12/29/23,20:30,7,A,15,0,0,0,15,0
12/29/23,20:30,7,B,18,0,0,0,18,0
12/29/23,20:30,7,C,17,0,0,0,17,0
12/29/23,20:30,7,D,29,0,0,0,29,0
12/29/23,20:30,7,E,18,0,0,0,18,0
12/29/23,20:30,8,A,8,0,0,0,8,0
12/29/23,20:30,8,B,25,0,0,0,25,0
12/29/23,20:30,8,C,12,0,0,0,12,0
12/29/23,20:30,8,D,29,0,0,0,29,0
12/29/23,20:30,8,E,15,0,0,0,15,0
12/29/23,20:30,9,A,12,0,0,0,12,0
12/29/23,20:30,9,B,18,0,0,0,18,0
12/29/23,20:30,9,C,18,0,0,0,18,0
12/29/23,20:30,9,D,29,0,0,0,29,0
12/29/23,20:30,9,E,14,0,0,0,14,0
12/29/23,20:30,10,A,18,0,0,0,18,0
12/29/23,20:30,10,B,21,0,0,0,21,0
12/29/23,20:30,10,C,15,0,0,0,15,0
12/29/23,20:30,10,D,29,0,0,0,29,0
12/29/23,20:30,10,E,14,0,0,0,14,0
12/29/23,20:30,11,A,13,0,0,0,13,0
12/29/23,20:30,11,B,14,0,0,0,14,0
12/29/23,20:30,11,C,18,0,0,0,18,0
12/29/23,20:30,11,D,24,0,0,0,24,0
12/29/23,20:30,11,E,16,0,0,0,16,0
12/29/23,20:30,12,A,19,0,0,0,19,0
12/29/23,20:30,12,B,11,0,0,0,11,0
12/29/23,20:30,12,C,10,0,0,0,10,0
12/29/23,20:30,12,D,36,0,0,0,36,0
12/29/23,20:30,12,E,20,0,0,0,20,0
12/29/23,20:30,13,A,9,0,0,0,9,0
12/29/23,20:30,13,B,15,0,0,0,15,0
12/29/23,20:30,13,C,13,0,0,0,13,0
12/29/23,20:30,13,D,22,0,0,0,22,0
12/29/23,20:30,13,E,12,0,0,0,12,0
12/29/23,20:30,14,A,8,0,0,0,8,0
12/29/23,20:30,14,B,13,0,0,0,13,0
12/29/23,20:30,14,C,8,0,0,0,8,0
12/29/23,20:30,14,D,25,0,0,0,25,0
12/29/23,20:30,14,E,20,0,0,0,20,0
12/29/23,20:30,15,A,8,0,0,0,8,0
12/29/23,20:30,15,B,23,0,0,0,23,0
12/29/23,20:30,15,C,9,0,0,0,9,0
12/29/23,20:30,15,D,26,0,0,0,26,0
12/29/23,20:30,15,E,19,0,0,0,19,0
1/2/24,21:45,1,A,20,0,0,0,20,0
1/2/24,21:45,1,B,17,0,0,0,17,0
1/2/24,21:45,1,C,16,0,0,0,16,0
1/2/24,21:45,1,D,24,0,0,0,24,0
1/2/24,21:45,1,E,16,0,0,0,16,0
1/2/24,21:45,2,A,11,0,0,0,11,0
1/2/24,21:45,2,B,13,0,0,0,13,0
1/2/24,21:45,2,C,15,0,0,0,15,0
1/2/24,21:45,2,D,22,0,0,0,22,0
1/2/24,21:45,2,E,18,0,0,0,18,0
1/2/24,21:45,3,A,9,0,0,0,9,0
1/2/24,21:45,3,B,11,0,0,0,11,0
1/2/24,21:45,3,C,15,0,0,0,15,0
1/2/24,21:45,3,D,22,0,0,0,22,0
1/2/24,21:45,3,E,15,0,0,0,15,0
1/2/24,21:45,4,A,13,0,0,0,13,0
1/2/24,21:45,4,B,23,0,0,0,23,0
1/2/24,21:45,4,C,14,0,0,0,14,0
1/2/24,21:45,4,D,23,0,0,0,23,0
1/2/24,21:45,4,E,14,0,0,0,14,0
1/2/24,21:45,5,A,12,0,0,0,12,0
1/2/24,21:45,5,B,13,0,0,0,13,0
1/2/24,21:45,5,C,11,0,0,0,11,0
1/2/24,21:45,5,D,31,0,0,0,31,0
1/2/24,21:45,5,E,21,0,0,0,21,1
1/2/24,21:45,6,A,24,0,0,0,24,0
1/2/24,21:45,6,B,17,0,0,0,17,0
1/2/24,21:45,6,C,7,0,0,0,7,0
1/2/24,21:45,6,D,31,0,0,0,31,0
1/2/24,21:45,6,E,22,0,0,0,22,0
1/2/24,21:45,7,A,15,0,0,0,15,0
1/2/24,21:45,7,B,18,0,0,0,18,0
1/2/24,21:45,7,C,17,0,0,0,17,1
1/2/24,21:45,7,D,29,0,0,0,29,1
1/2/24,21:45,7,E,18,0,0,0,18,0
1/2/24,21:45,8,A,8,0,0,0,8,0
1/2/24,21:45,8,B,25,0,0,0,25,0
1/2/24,21:45,8,C,12,0,0,0,12,0
1/2/24,21:45,8,D,29,0,0,0,29,0
1/2/24,21:45,8,E,15,0,0,0,15,0
1/2/24,21:45,9,A,12,0,0,0,12,1
1/2/24,21:45,9,B,18,0,0,0,18,0
1/2/24,21:45,9,C,18,0,0,0,18,0
1/2/24,21:45,9,D,29,0,0,0,29,0
1/2/24,21:45,9,E,14,0,0,0,14,0
1/2/24,21:45,10,A,18,0,0,0,18,0
1/2/24,21:45,10,B,21,0,0,0,21,0
1/2/24,21:45,10,C,15,0,0,0,15,2
1/2/24,21:45,10,D,30,0,0,0,30,0
1/2/24,21:45,10,E,14,0,0,0,14,0
1/2/24,21:45,11,A,13,0,0,0,13,0
1/2/24,21:45,11,B,14,0,0,0,14,0
1/2/24,21:45,11,C,18,0,0,0,18,0
1/2/24,21:45,11,D,24,0,0,0,24,0
1/2/24,21:45,11,E,16,0,0,0,16,0
1/2/24,21:45,12,A,19,0,0,0,19,0
1/2/24,21:45,12,B,11,0,0,0,11,0
1/2/24,21:45,12,C,10,0,0,0,10,0
1/2/24,21:45,12,D,36,0,0,0,36,0
1/2/24,21:45,12,E,20,0,0,0,20,0
1/2/24,21:45,13,A,9,0,0,0,9,1
1/2/24,21:45,13,B,15,0,0,0,15,0
1/2/24,21:45,13,C,13,0,0,0,13,0
1/2/24,21:45,13,D,22,0,0,0,22,0
1/2/24,21:45,13,E,12,0,0,0,12,0
1/2/24,21:45,14,A,8,0,0,0,8,0
1/2/24,21:45,14,B,13,0,0,0,13,0
1/2/24,21:45,14,C,8,0,0,0,8,0
1/2/24,21:45,14,D,25,0,0,0,25,0
1/2/24,21:45,14,E,20,0,0,0,20,0
1/2/24,21:45,15,A,8,0,0,0,8,0
1/2/24,21:45,15,B,23,0,0,0,23,0
1/2/24,21:45,15,C,9,0,0,0,9,0
1/2/24,21:45,15,D,26,0,0,0,26,0
1/2/24,21:45,15,E,19,0,0,0,19,0
1/5/24,18:45,1,A,20,0,0,0,20,0
1/5/24,18:45,1,B,17,0,0,0,17,0
1/5/24,18:45,1,C,16,0,0,0,16,0
1/5/24,18:45,1,D,24,0,0,0,24,0
1/5/24,18:45,1,E,14,0,0,0,14,0
1/5/24,18:45,2,A,11,0,0,0,11,0
1/5/24,18:45,2,B,13,0,0,0,13,0
1/5/24,18:45,2,C,15,0,0,0,15,0
1/5/24,18:45,2,D,22,0,0,0,22,0
1/5/24,18:45,2,E,18,0,0,0,18,0
1/5/24,18:45,3,A,9,0,0,0,9,0
1/5/24,18:45,3,B,11,0,0,0,11,0
1/5/24,18:45,3,C,15,0,0,0,15,0
1/5/24,18:45,3,D,22,0,0,0,22,0
1/5/24,18:45,3,E,15,0,0,0,15,0
1/5/24,18:45,4,A,13,0,0,0,13,0
1/5/24,18:45,4,B,23,0,0,0,23,0
1/5/24,18:45,4,C,14,0,0,0,14,0
1/5/24,18:45,4,D,23,0,0,0,23,0
1/5/24,18:45,4,E,14,0,0,0,14,0
1/5/24,18:45,5,A,12,0,0,0,12,0
1/5/24,18:45,5,B,13,0,0,0,13,0
1/5/24,18:45,5,C,11,0,0,0,11,0
1/5/24,18:45,5,D,30,0,0,0,30,1
1/5/24,18:45,5,E,21,0,0,0,21,0
1/5/24,18:45,6,A,23,0,0,0,23,0
1/5/24,18:45,6,B,17,0,0,0,17,0
1/5/24,18:45,6,C,7,0,0,0,7,0
1/5/24,18:45,6,D,31,0,0,0,31,0
1/5/24,18:45,6,E,22,0,0,0,22,0
1/5/24,18:45,7,A,15,0,0,0,15,0
1/5/24,18:45,7,B,18,0,0,0,18,0
1/5/24,18:45,7,C,17,0,0,0,17,1
1/5/24,18:45,7,D,30,0,0,0,30,0
1/5/24,18:45,7,E,17,0,0,0,17,0
1/5/24,18:45,8,A,8,0,0,0,8,0
1/5/24,18:45,8,B,25,0,0,0,25,0
1/5/24,18:45,8,C,12,0,0,0,12,0
1/5/24,18:45,8,D,29,0,0,0,29,0
1/5/24,18:45,8,E,15,0,0,0,15,0
1/5/24,18:45,9,A,12,0,0,0,12,0
1/5/24,18:45,9,B,18,0,0,0,18,0
1/5/24,18:45,9,C,18,0,0,0,18,0
1/5/24,18:45,9,D,29,0,0,0,29,0
1/5/24,18:45,9,E,14,0,0,0,14,0
1/5/24,18:45,10,A,18,0,0,0,18,0
1/5/24,18:45,10,B,21,0,0,0,21,0
1/5/24,18:45,10,C,17,0,0,0,17,0
1/5/24,18:45,10,D,29,0,0,0,29,0
1/5/24,18:45,10,E,14,0,0,0,14,0
1/5/24,18:45,11,A,13,0,0,0,13,0
1/5/24,18:45,11,B,14,0,0,0,14,1
1/5/24,18:45,11,C,18,0,0,0,18,0
1/5/24,18:45,11,D,24,0,0,0,24,0
1/5/24,18:45,11,E,16,0,0,0,16,0
1/5/24,18:45,12,A,19,0,0,0,19,0
1/5/24,18:45,12,B,11,0,0,0,11,0
1/5/24,18:45,12,C,10,0,0,0,10,0
1/5/24,18:45,12,D,36,0,0,0,36,0
1/5/24,18:45,12,E,20,0,0,0,20,0
1/5/24,18:45,13,A,10,0,0,0,10,0
1/5/24,18:45,13,B,15,0,0,0,15,0
1/5/24,18:45,13,C,13,0,0,0,13,0
1/5/24,18:45,13,D,22,0,0,0,22,0
1/5/24,18:45,13,E,12,0,0,0,12,0
1/5/24,18:45,14,A,8,0,0,0,8,0
1/5/24,18:45,14,B,13,0,0,0,13,0
1/5/24,18:45,14,C,8,0,0,0,8,0
1/5/24,18:45,14,D,26,0,0,0,26,0
1/5/24,18:45,14,E,20,0,0,0,20,0
1/5/24,18:45,15,A,8,0,0,0,8,0
1/5/24,18:45,15,B,23,0,0,0,23,0
1/5/24,18:45,15,C,9,0,0,0,9,0
1/5/24,18:45,15,D,26,0,0,0,26,0
1/5/24,18:45,15,E,19,0,0,0,19,0
1/9/24,18:30,1,A,20,0,0,0,20,0
1/9/24,18:30,1,B,17,0,0,0,17,0
1/9/24,18:30,1,C,16,0,0,0,16,0
1/9/24,18:30,1,D,24,0,0,0,24,0
1/9/24,18:30,1,E,14,0,0,0,14,0
1/9/24,18:30,2,A,11,0,0,0,11,0
1/9/24,18:30,2,B,13,0,0,0,13,0
1/9/24,18:30,2,C,15,0,0,0,15,0
1/9/24,18:30,2,D,22,0,0,0,22,0
1/9/24,18:30,2,E,18,0,0,0,18,0
1/9/24,18:30,3,A,9,0,0,0,9,0
1/9/24,18:30,3,B,11,0,0,0,11,0
1/9/24,18:30,3,C,15,0,0,0,15,0
1/9/24,18:30,3,D,22,0,0,0,22,0
1/9/24,18:30,3,E,15,0,0,0,15,0
1/9/24,18:30,4,A,13,0,0,0,13,0
1/9/24,18:30,4,B,23,0,0,0,23,0
1/9/24,18:30,4,C,14,0,0,0,14,0
1/9/24,18:30,4,D,23,0,0,0,23,0
1/9/24,18:30,4,E,14,0,0,0,14,0
1/9/24,18:30,5,A,12,0,0,0,12,0
1/9/24,18:30,5,B,13,0,0,0,13,0
1/9/24,18:30,5,C,10,0,0,0,10,0
1/9/24,18:30,5,D,30,0,0,0,30,0
1/9/24,18:30,5,E,22,0,0,0,22,0
1/9/24,18:30,6,A,23,0,0,0,23,0
1/9/24,18:30,6,B,17,0,0,0,17,0
1/9/24,18:30,6,C,7,0,0,0,7,0
1/9/24,18:30,6,D,31,0,0,0,31,0
1/9/24,18:30,6,E,22,0,0,0,22,0
1/9/24,18:30,7,A,15,0,0,0,15,0
1/9/24,18:30,7,B,18,0,0,0,18,0
1/9/24,18:30,7,C,18,0,0,0,18,0
1/9/24,18:30,7,D,30,0,0,0,30,0
1/9/24,18:30,7,E,17,0,0,0,17,0
1/9/24,18:30,8,A,8,0,0,0,8,0
1/9/24,18:30,8,B,25,0,0,0,25,0
1/9/24,18:30,8,C,12,0,0,0,12,0
1/9/24,18:30,8,D,29,0,0,0,29,0
1/9/24,18:30,8,E,15,0,0,0,15,0
1/9/24,18:30,9,A,12,0,0,0,12,0
1/9/24,18:30,9,B,18,0,0,0,18,0
1/9/24,18:30,9,C,18,0,0,0,18,0
1/9/24,18:30,9,D,29,0,0,0,29,0
1/9/24,18:30,9,E,14,0,0,0,14,0
1/9/24,18:30,10,A,18,0,0,0,18,0
1/9/24,18:30,10,B,21,0,0,0,21,0
1/9/24,18:30,10,C,17,0,0,0,17,0
1/9/24,18:30,10,D,29,0,0,0,29,0
1/9/24,18:30,10,E,14,0,0,0,14,0
1/9/24,18:30,11,A,13,0,0,0,13,0
1/9/24,18:30,11,B,14,0,0,0,14,0
1/9/24,18:30,11,C,18,0,0,0,18,1
1/9/24,18:30,11,D,24,0,0,0,24,0
1/9/24,18:30,11,E,16,0,0,0,16,0
1/9/24,18:30,12,A,19,0,0,0,19,0
1/9/24,18:30,12,B,11,0,0,0,11,0
1/9/24,18:30,12,C,10,0,0,0,10,0
1/9/24,18:30,12,D,36,0,0,0,36,0
1/9/24,18:30,12,E,20,0,0,0,20,0
1/9/24,18:30,13,A,10,0,0,0,10,0
1/9/24,18:30,13,B,15,0,0,0,15,0
1/9/24,18:30,13,C,13,0,0,0,13,0
1/9/24,18:30,13,D,22,0,0,0,22,0
1/9/24,18:30,13,E,11,0,0,0,11,0
1/9/24,18:30,14,A,8,0,0,0,8,0
1/9/24,18:30,14,B,13,0,0,0,13,0
1/9/24,18:30,14,C,8,0,0,0,8,0
1/9/24,18:30,14,D,26,0,0,0,26,0
1/9/24,18:30,14,E,20,0,0,0,20,0
1/9/24,18:30,15,A,8,0,0,0,8,1
1/9/24,18:30,15,B,23,0,0,0,23,0
1/9/24,18:30,15,C,9,0,0,0,9,0
1/9/24,18:30,15,D,26,0,0,0,26,0
1/9/24,18:30,15,E,19,0,0,0,19,0
1/12/24,19:00,1,A,19,0,0,0,19,0
1/12/24,19:00,1,B,17,0,0,0,17,0
1/12/24,19:00,1,C,16,0,0,0,16,0
1/12/24,19:00,1,D,24,0,0,0,24,0
1/12/24,19:00,1,E,14,0,0,0,14,0
1/12/24,19:00,2,A,11,0,0,0,11,0
1/12/24,19:00,2,B,13,0,0,0,13,0
1/12/24,19:00,2,C,15,0,0,0,15,0
1/12/24,19:00,2,D,22,0,0,0,22,0
1/12/24,19:00,2,E,18,0,0,0,18,0
1/12/24,19:00,3,A,9,0,0,0,9,0
1/12/24,19:00,3,B,11,0,0,0,11,0
1/12/24,19:00,3,C,15,0,0,0,15,0
1/12/24,19:00,3,D,22,0,0,0,22,0
1/12/24,19:00,3,E,13,0,0,0,13,0
1/12/24,19:00,4,A,13,0,0,0,13,0
1/12/24,19:00,4,B,23,0,0,0,23,0
1/12/24,19:00,4,C,14,0,0,0,14,0
1/12/24,19:00,4,D,23,0,0,0,23,0
1/12/24,19:00,4,E,14,0,0,0,14,0
1/12/24,19:00,5,A,12,0,0,0,12,0
1/12/24,19:00,5,B,13,0,0,0,13,0
1/12/24,19:00,5,C,10,0,0,0,10,0
1/12/24,19:00,5,D,30,0,0,0,30,0
1/12/24,19:00,5,E,22,0,0,0,22,0
1/12/24,19:00,6,A,23,0,0,0,23,0
1/12/24,19:00,6,B,17,0,0,0,17,0
1/12/24,19:00,6,C,7,0,0,0,7,0
1/12/24,19:00,6,D,31,0,0,0,31,0
1/12/24,19:00,6,E,22,0,0,0,22,0
1/12/24,19:00,7,A,15,0,0,0,15,0
1/12/24,19:00,7,B,18,0,0,0,18,0
1/12/24,19:00,7,C,18,0,0,0,18,0
1/12/24,19:00,7,D,30,0,0,0,30,0
1/12/24,19:00,7,E,18,0,0,0,18,0
1/12/24,19:00,8,A,8,0,0,0,8,0
1/12/24,19:00,8,B,25,0,0,0,25,0
1/12/24,19:00,8,C,13,0,0,0,13,0
1/12/24,19:00,8,D,29,0,0,0,29,0
1/12/24,19:00,8,E,15,0,0,0,15,0
1/12/24,19:00,9,A,12,0,0,0,12,0
1/12/24,19:00,9,B,18,0,0,0,18,0
1/12/24,19:00,9,C,18,0,0,0,18,0
1/12/24,19:00,9,D,29,0,0,0,29,0
1/12/24,19:00,9,E,14,0,0,0,14,0
1/12/24,19:00,10,A,18,0,0,0,18,0
1/12/24,19:00,10,B,21,0,0,0,21,0
1/12/24,19:00,10,C,17,0,0,0,17,0
1/12/24,19:00,10,D,29,0,0,0,29,0
1/12/24,19:00,10,E,14,0,0,0,14,0
1/12/24,19:00,11,A,13,0,0,0,13,0
1/12/24,19:00,11,B,14,0,0,0,14,1
1/12/24,19:00,11,C,18,0,0,0,18,0
1/12/24,19:00,11,D,24,0,0,0,24,0
1/12/24,19:00,11,E,16,0,0,0,16,0
1/12/24,19:00,12,A,19,0,0,0,19,0
1/12/24,19:00,12,B,11,0,0,0,11,0
1/12/24,19:00,12,C,10,0,0,0,10,0
1/12/24,19:00,12,D,36,0,0,0,36,0
1/12/24,19:00,12,E,20,0,0,0,20,0
1/12/24,19:00,13,A,10,0,0,0,10,0
1/12/24,19:00,13,B,15,0,0,0,15,0
1/12/24,19:00,13,C,13,0,0,0,13,0
1/12/24,19:00,13,D,22,0,0,0,22,0
1/12/24,19:00,13,E,11,0,0,0,11,0
1/12/24,19:00,14,A,8,0,0,0,8,0
1/12/24,19:00,14,B,13,0,0,0,13,0
1/12/24,19:00,14,C,8,0,0,0,8,0
1/12/24,19:00,14,D,26,0,0,0,26,0
1/12/24,19:00,14,E,20,0,0,0,20,0
1/12/24,19:00,15,A,8,0,0,0,8,1
1/12/24,19:00,15,B,23,0,0,0,23,0
1/12/24,19:00,15,C,9,0,0,0,9,0
1/12/24,19:00,15,D,26,0,0,0,26,0
1/12/24,19:00,15,E,19,0,0,0,19,0
1/16/24,18:15,1,A,19,0,0,0,19,0
1/16/24,18:15,1,B,17,0,0,0,17,0
1/16/24,18:15,1,C,16,0,0,0,16,1
1/16/24,18:15,1,D,24,0,0,0,24,0
1/16/24,18:15,1,E,14,0,0,0,14,0
1/16/24,18:15,2,A,11,0,0,0,11,0
1/16/24,18:15,2,B,13,0,0,0,13,0
1/16/24,18:15,2,C,15,0,0,0,15,0
1/16/24,18:15,2,D,22,0,0,0,22,0
1/16/24,18:15,2,E,18,0,0,0,18,0
1/16/24,18:15,3,A,9,0,0,0,9,0
1/16/24,18:15,3,B,11,0,0,0,11,0
1/16/24,18:15,3,C,15,0,0,0,15,1
1/16/24,18:15,3,D,22,0,0,0,22,0
1/16/24,18:15,3,E,13,0,0,0,13,0
1/16/24,18:15,4,A,12,0,0,0,12,0
1/16/24,18:15,4,B,23,0,0,0,23,0
1/16/24,18:15,4,C,14,0,0,0,14,0
1/16/24,18:15,4,D,23,0,0,0,23,0
1/16/24,18:15,4,E,14,0,0,0,14,0
1/16/24,18:15,5,A,12,0,0,0,12,0
1/16/24,18:15,5,B,13,0,0,0,13,0
1/16/24,18:15,5,C,10,0,0,0,10,0
1/16/24,18:15,5,D,30,0,0,0,30,0
1/16/24,18:15,5,E,22,0,0,0,22,0
1/16/24,18:15,6,A,23,0,0,0,23,0
1/16/24,18:15,6,B,17,0,0,0,17,0
1/16/24,18:15,6,C,7,0,0,0,7,0
1/16/24,18:15,6,D,31,0,0,0,31,0
1/16/24,18:15,6,E,22,0,0,0,22,0
1/16/24,18:15,7,A,15,0,0,0,15,0
1/16/24,18:15,7,B,18,0,0,0,18,0
1/16/24,18:15,7,C,18,0,0,0,18,0
1/16/24,18:15,7,D,30,0,0,0,30,0
1/16/24,18:15,7,E,18,0,0,0,18,0
1/16/24,18:15,8,A,8,0,0,0,8,0
1/16/24,18:15,8,B,25,0,0,0,25,0
1/16/24,18:15,8,C,13,0,0,0,13,0
1/16/24,18:15,8,D,29,0,0,0,29,0
1/16/24,18:15,8,E,15,0,0,0,15,0
1/16/24,18:15,9,A,12,0,0,0,12,0
1/16/24,18:15,9,B,18,0,0,0,18,0
1/16/24,18:15,9,C,18,0,0,0,18,0
1/16/24,18:15,9,D,29,0,0,0,29,0
1/16/24,18:15,9,E,14,0,0,0,14,0
1/16/24,18:15,10,A,17,0,0,0,17,0
1/16/24,18:15,10,B,21,0,0,0,21,0
1/16/24,18:15,10,C,18,0,0,0,18,0
1/16/24,18:15,10,D,29,0,0,0,29,0
1/16/24,18:15,10,E,12,0,0,0,12,0
1/16/24,18:15,11,A,13,0,0,0,13,0
1/16/24,18:15,11,B,14,0,0,0,14,0
1/16/24,18:15,11,C,18,0,0,0,18,0
1/16/24,18:15,11,D,24,0,0,0,24,0
1/16/24,18:15,11,E,16,0,0,0,16,0
1/16/24,18:15,12,A,19,0,0,0,19,0
1/16/24,18:15,12,B,11,0,0,0,11,0
1/16/24,18:15,12,C,10,0,0,0,10,0
1/16/24,18:15,12,D,36,0,0,0,36,0
1/16/24,18:15,12,E,19,0,0,0,19,0
1/16/24,18:15,13,A,10,0,0,0,10,0
1/16/24,18:15,13,B,15,0,0,0,15,0
1/16/24,18:15,13,C,12,0,0,0,12,0
1/16/24,18:15,13,D,22,0,0,0,22,0
1/16/24,18:15,13,E,11,0,0,0,11,0
1/16/24,18:15,14,A,8,0,0,0,8,0
1/16/24,18:15,14,B,13,0,0,0,13,0
1/16/24,18:15,14,C,8,0,0,0,8,0
1/16/24,18:15,14,D,25,0,0,0,25,0
1/16/24,18:15,14,E,20,0,0,0,20,0
1/16/24,18:15,15,A,8,0,0,0,8,1
1/16/24,18:15,15,B,23,0,0,0,23,0
1/16/24,18:15,15,C,9,0,0,0,9,0
1/16/24,18:15,15,D,25,0,0,0,25,0
1/16/24,18:15,15,E,19,0,0,0,19,0
1/19/24,18:45,1,A,19,0,0,0,19,0
1/19/24,18:45,1,B,17,0,0,0,17,0
1/19/24,18:45,1,C,17,0,0,0,17,0
1/19/24,18:45,1,D,24,0,0,0,24,0
1/19/24,18:45,1,E,14,0,0,0,14,0
1/19/24,18:45,2,A,11,0,0,0,11,0
1/19/24,18:45,2,B,13,0,0,0,13,0
1/19/24,18:45,2,C,15,0,0,0,15,0
1/19/24,18:45,2,D,22,0,0,0,22,0
1/19/24,18:45,2,E,18,0,0,0,18,0
1/19/24,18:45,3,A,9,0,0,0,9,0
1/19/24,18:45,3,B,11,0,0,0,11,0
1/19/24,18:45,3,C,16,0,0,0,16,0
1/19/24,18:45,3,D,22,0,0,0,22,0
1/19/24,18:45,3,E,13,0,0,0,13,0
1/19/24,18:45,4,A,12,0,0,0,12,0
1/19/24,18:45,4,B,23,0,0,0,23,0
1/19/24,18:45,4,C,14,0,0,0,14,0
1/19/24,18:45,4,D,23,0,0,0,23,0
1/19/24,18:45,4,E,14,0,0,0,14,0
1/19/24,18:45,5,A,12,0,0,0,12,0
1/19/24,18:45,5,B,13,0,0,0,13,0
1/19/24,18:45,5,C,10,0,0,0,10,0
1/19/24,18:45,5,D,30,0,0,0,30,0
1/19/24,18:45,5,E,21,0,1,0,22,0
1/19/24,18:45,6,A,22,0,1,0,23,0
1/19/24,18:45,6,B,17,0,0,0,17,0
1/19/24,18:45,6,C,7,0,0,0,7,0
1/19/24,18:45,6,D,31,0,0,0,31,0
1/19/24,18:45,6,E,22,0,0,0,22,0
1/19/24,18:45,7,A,15,0,0,0,15,0
1/19/24,18:45,7,B,18,0,0,0,18,0
1/19/24,18:45,7,C,19,0,0,0,19,0
1/19/24,18:45,7,D,31,0,0,0,31,0
1/19/24,18:45,7,E,18,0,0,0,18,0
1/19/24,18:45,8,A,8,0,0,0,8,0
1/19/24,18:45,8,B,25,0,0,0,25,0
1/19/24,18:45,8,C,13,0,0,0,13,0
1/19/24,18:45,8,D,29,0,0,0,29,0
1/19/24,18:45,8,E,15,0,0,0,15,0
1/19/24,18:45,9,A,12,0,0,0,12,0
1/19/24,18:45,9,B,18,0,0,0,18,0
1/19/24,18:45,9,C,18,0,0,0,18,0
1/19/24,18:45,9,D,29,0,0,0,29,0
1/19/24,18:45,9,E,14,0,0,0,14,0
1/19/24,18:45,10,A,17,0,0,0,17,0
1/19/24,18:45,10,B,21,0,0,0,21,0
1/19/24,18:45,10,C,18,0,0,0,18,0
1/19/24,18:45,10,D,29,0,0,0,29,0
1/19/24,18:45,10,E,12,0,0,0,12,0
1/19/24,18:45,11,A,12,0,0,0,12,1
1/19/24,18:45,11,B,14,0,0,0,14,0
1/19/24,18:45,11,C,18,0,0,0,18,0
1/19/24,18:45,11,D,24,0,0,0,24,0
1/19/24,18:45,11,E,16,0,0,0,16,0
1/19/24,18:45,12,A,19,0,0,0,19,0
1/19/24,18:45,12,B,11,0,0,0,11,0
1/19/24,18:45,12,C,10,0,0,0,10,0
1/19/24,18:45,12,D,36,0,0,0,36,0
1/19/24,18:45,12,E,19,0,0,0,19,0
1/19/24,18:45,13,A,10,0,0,0,10,0
1/19/24,18:45,13,B,15,0,0,0,15,0
1/19/24,18:45,13,C,13,0,0,0,13,0
1/19/24,18:45,13,D,22,0,0,0,22,0
1/19/24,18:45,13,E,12,0,0,0,12,0
1/19/24,18:45,14,A,8,0,0,0,8,0
1/19/24,18:45,14,B,13,0,0,0,13,0
1/19/24,18:45,14,C,9,0,0,0,9,0
1/19/24,18:45,14,D,25,0,0,0,25,0
1/19/24,18:45,14,E,20,0,0,0,20,0
1/19/24,18:45,15,A,9,0,0,0,9,0
1/19/24,18:45,15,B,23,0,0,0,23,0
1/19/24,18:45,15,C,9,0,0,0,9,0
1/19/24,18:45,15,D,25,0,0,0,25,0
1/19/24,18:45,15,E,19,0,0,0,19,0
1/23/24,17:00,1,A,19,0,0,0,19,0
1/23/24,17:00,1,B,17,0,0,0,17,0
1/23/24,17:00,1,C,17,0,0,0,17,0
1/23/24,17:00,1,D,24,0,0,0,24,0
1/23/24,17:00,1,E,14,0,0,0,14,0
1/23/24,17:00,2,A,11,0,0,0,11,0
1/23/24,17:00,2,B,13,0,0,0,13,0
1/23/24,17:00,2,C,15,0,0,0,15,0
1/23/24,17:00,2,D,22,0,0,0,22,0
1/23/24,17:00,2,E,18,0,0,0,18,0
1/23/24,17:00,3,A,9,0,0,0,9,0
1/23/24,17:00,3,B,11,0,0,0,11,0
1/23/24,17:00,3,C,16,0,0,0,16,0
1/23/24,17:00,3,D,22,0,0,0,22,0
1/23/24,17:00,3,E,13,0,0,0,13,0
1/23/24,17:00,4,A,12,0,0,0,12,0
1/23/24,17:00,4,B,23,0,0,0,23,0
1/23/24,17:00,4,C,15,0,0,0,15,0
1/23/24,17:00,4,D,23,0,0,0,23,0
1/23/24,17:00,4,E,14,0,0,0,14,0
1/23/24,17:00,5,A,12,0,0,0,12,0
1/23/24,17:00,5,B,13,0,0,0,13,0
1/23/24,17:00,5,C,12,0,0,0,12,0
1/23/24,17:00,5,D,31,0,0,0,31,0
1/23/24,17:00,5,E,21,0,0,0,21,0
1/23/24,17:00,6,A,21,0,0,0,21,0
1/23/24,17:00,6,B,17,0,0,0,17,0
1/23/24,17:00,6,C,7,0,0,0,7,0
1/23/24,17:00,6,D,31,0,0,0,31,0
1/23/24,17:00,6,E,22,0,0,0,22,0
1/23/24,17:00,7,A,15,0,0,0,15,0
1/23/24,17:00,7,B,18,0,0,0,18,0
1/23/24,17:00,7,C,19,0,0,0,19,0
1/23/24,17:00,7,D,31,0,0,0,31,0
1/23/24,17:00,7,E,18,0,0,0,18,0
1/23/24,17:00,8,A,8,0,0,0,8,0
1/23/24,17:00,8,B,25,0,0,0,25,0
1/23/24,17:00,8,C,13,0,0,0,13,0
1/23/24,17:00,8,D,29,0,0,0,29,0
1/23/24,17:00,8,E,15,0,0,0,15,0
1/23/24,17:00,9,A,12,0,0,0,12,0
1/23/24,17:00,9,B,18,0,0,0,18,0
1/23/24,17:00,9,C,18,0,0,0,18,0
1/23/24,17:00,9,D,29,0,0,0,29,0
1/23/24,17:00,9,E,14,0,0,0,14,0
1/23/24,17:00,10,A,17,0,0,0,17,0
1/23/24,17:00,10,B,21,0,0,0,21,0
1/23/24,17:00,10,C,18,0,0,0,18,0
1/23/24,17:00,10,D,29,0,0,0,29,0
1/23/24,17:00,10,E,12,0,0,0,12,0
1/23/24,17:00,11,A,12,0,0,0,12,0
1/23/24,17:00,11,B,14,0,0,0,14,0
1/23/24,17:00,11,C,18,0,0,0,18,0
1/23/24,17:00,11,D,24,0,0,0,24,0
1/23/24,17:00,11,E,16,0,0,0,16,0
1/23/24,17:00,12,A,19,0,0,0,19,0
1/23/24,17:00,12,B,11,0,0,0,11,0
1/23/24,17:00,12,C,10,0,0,0,10,0
1/23/24,17:00,12,D,36,0,0,0,36,0
1/23/24,17:00,12,E,19,0,0,0,19,0
1/23/24,17:00,13,A,10,0,0,0,10,0
1/23/24,17:00,13,B,15,0,0,0,15,0
1/23/24,17:00,13,C,13,0,0,0,13,0
1/23/24,17:00,13,D,22,0,0,0,22,0
1/23/24,17:00,13,E,12,0,0,0,12,0
1/23/24,17:00,14,A,8,0,0,0,8,0
1/23/24,17:00,14,B,13,0,0,0,13,0
1/23/24,17:00,14,C,9,0,0,0,9,0
1/23/24,17:00,14,D,26,0,0,0,26,0
1/23/24,17:00,14,E,20,0,0,0,20,0
1/23/24,17:00,15,A,9,0,0,0,9,0
1/23/24,17:00,15,B,23,0,0,0,23,0
1/23/24,17:00,15,C,9,0,0,0,9,0
1/23/24,17:00,15,D,25,0,0,0,25,0
1/23/24,17:00,15,E,19,0,0,0,19,0
,,,,,0,0,0,0,0
,,,,,0,0,0,0,0
,,,,,0,0,0,0,0
,,,,,0,0,0,0,0
,,,,,0,0,0,0,0
,,,,,0,0,0,0,0
,,,,,0,0,0,0,0
,,,,,0,0,0,0,0
,,,,,0,0,0,0,0
,,,,,0,0,0,0,0
,,,,,0,0,0,0,0
,,,,,0,0,0,0,0
,,,,,0,0,0,0,0
,,,,,0,0,0,0,0
,,,,,0,0,0,0,0
,,,,,0,0,0,0,0
,,,,,0,0,0,0,0
,,,,,0,0,0,0,0
,,,,,0,0,0,0,0
,,,,,0,0,0,0,0
,,,,,0,0,0,0,0
,,,,,0,0,0,0,0
,,,,,0,0,0,0,0
,,,,,0,0,0,0,0
,,,,,0,0,0,0,0
,,,,,0,0,0,0,0
,,,,,0,0,0,0,0
,,,,,0,0,0,0,0
,,,,,0,0,0,0,0
,,,,,0,0,0,0,0
,,,,,0,0,0,0,0
,,,,,0,0,0,0,0
,,,,,0,0,0,0,0
,,,,,0,0,0,0,0
,,,,,0,0,0,0,0
,,,,,0,0,0,0,0
,,,,,0,0,0,0,0
,,,,,0,0,0,0,0
,,,,,0,0,0,0,0
,,,,,0,0,0,0,0
,,,,,0,0,0,0,0
,,,,,0,0,0,0,0
,,,,,0,0,0,0,0
,,,,,0,0,0,0,0
,,,,,0,0,0,0,0
,,,,,0,0,0,0,0
,,,,,0,0,0,0,0
,,,,,0,0,0,0,0
,,,,,0,0,0,0,0
,,,,,0,0,0,0,0
,,,,,0,0,0,0,0
,,,,,0,0,0,0,0
,,,,,0,0,0,0,0
,,,,,0,0,0,0,0
,,,,,0,0,0,0,0
,,,,,0,0,0,0,0
,,,,,0,0,0,0,0
,,,,,0,0,0,0,0
,,,,,0,0,0,0,0
,,,,,0,0,0,0,0
,,,,,0,0,0,0,0
,,,,,0,0,0,0,0
,,,,,0,0,0,0,0
,,,,,0,0,0,0,0
,,,,,0,0,0,0,0
,,,,,0,0,0,0,0
,,,,,0,0,0,0,0
,,,,,0,0,0,0,0
,,,,,0,0,0,0,0
,,,,,0,0,0,0,0
,,,,,0,0,0,0,0
,,,,,0,0,0,0,0
,,,,,0,0,0,0,0
,,,,,0,0,0,0,0
,,,,,0,0,0,0,0
,,,,,0,0,0,0,0
,,,,,0,0,0,0,0
,,,,,0,0,0,0,0
,,,,,0,0,0,0,0
,,,,,0,0,0,0,0
,,,,,0,0,0,0,0
,,,,,0,0,0,0,0
,,,,,0,0,0,0,0
,,,,,0,0,0,0,0
,,,,,0,0,0,0,0
,,,,,0,0,0,0,0
,,,,,0,0,0,0,0
,,,,,0,0,0,0,0
,,,,,0,0,0,0,0
,,,,,0,0,0,0,0
,,,,,0,0,0,0,0
,,,,,0,0,0,0,0
,,,,,0,0,0,0,0
,,,,,0,0,0,0,0
,,,,,0,0,0,0,0
,,,,,0,0,0,0,0
,,,,,0,0,0,0,0
,,,,,0,0,0,0,0
,,,,,0,0,0,0,0
,,,,,0,0,0,0,0
,,,,,0,0,0,0,0
,,,,,0,0,0,0,0
,,,,,0,0,0,0,0
,,,,,0,0,0,0,0
,,,,,0,0,0,0,0
,,,,,0,0,0,0,0
,,,,,0,0,0,0,0
,,,,,0,0,0,0,0
,,,,,0,0,0,0,0
,,,,,0,0,0,0,0
,,,,,0,0,0,0,0
,,,,,0,0,0,0,0
,,,,,0,0,0,0,0
,,,,,0,0,0,0,0
,,,,,0,0,0,0,0
,,,,,0,0,0,0,0
,,,,,0,0,0,0,0
,,,,,0,0,0,0,0
,,,,,0,0,0,0,0
,,,,,0,0,0,0,0
,,,,,0,0,0,0,0
,,,,,0,0,0,0,0
,,,,,0,0,0,0,0
,,,,,0,0,0,0,0
,,,,,0,0,0,0,0
,,,,,0,0,0,0,0
,,,,,0,0,0,0,0
,,,,,0,0,0,0,0
,,,,,0,0,0,0,0
,,,,,0,0,0,0,0
,,,,,0,0,0,0,0
,,,,,0,0,0,0,0
,,,,,0,0,0,0,0
,,,,,0,0,0,0,0
,,,,,0,0,0,0,0
,,,,,0,0,0,0,0
,,,,,0,0,0,0,0
,,,,,0,0,0,0,0
,,,,,0,0,0,0,0
,,,,,0,0,0,0,0
,,,,,0,0,0,0,0
,,,,,0,0,0,0,0
,,,,,0,0,0,0,0
,,,,,0,0,0,0,0
,,,,,0,0,0,0,0
,,,,,0,0,0,0,0
,,,,,0,0,0,0,0
,,,,,0,0,0,0,0
,,,,,0,0,0,0,0
,,,,,0,0,0,0,0
,,,,,0,0,0,0,0
,,,,,0,0,0,0,0
,,,,,0,0,0,0,0
,,,,,0,0,0,0,0
,,,,,0,0,0,0,0
,,,,,0,0,0,0,0
,,,,,0,0,0,0,0
,,,,,0,0,0,0,0
,,,,,0,0,0,0,0
,,,,,0,0,0,0,0
,,,,,0,0,0,0,0
,,,,,0,0,0,0,0
,,,,,0,0,0,0,0
,,,,,0,0,0,0,0
,,,,,0,0,0,0,0
,,,,,0,0,0,0,0
,,,,,0,0,0,0,0
,,,,,0,0,0,0,0
,,,,,0,0,0,0,0
,,,,,0,0,0,0,0
,,,,,0,0,0,0,0
,,,,,0,0,0,0,0
,,,,,0,0,0,0,0
,,,,,0,0,0,0,0
,,,,,0,0,0,0,0
,,,,,0,0,0,0,0
,,,,,0,0,0,0,0
,,,,,0,0,0,0,0
,,,,,0,0,0,0,0
,,,,,0,0,0,0,0
,,,,,0,0,0,0,0
,,,,,0,0,0,0,0
,,,,,0,0,0,0,0
,,,,,0,0,0,0,0
,,,,,0,0,0,0,0
,,,,,0,0,0,0,0
,,,,,0,0,0,0,0
,,,,,0,0,0,0,0
,,,,,0,0,0,0,0
,,,,,0,0,0,0,0
,,,,,0,0,0,0,0
,,,,,0,0,0,0,0
,,,,,0,0,0,0,0
,,,,,0,0,0,0,0
,,,,,0,0,0,0,0
,,,,,0,0,0,0,0
,,,,,0,0,0,0,0
,,,,,0,0,0,0,0
,,,,,0,0,0,0,0
,,,,,0,0,0,0,0
,,,,,0,0,0,0,0
,,,,,0,0,0,0,0
,,,,,0,0,0,0,0
,,,,,0,0,0,0,0
,,,,,0,0,0,0,0
,,,,,0,0,0,0,0
,,,,,0,0,0,0,0
,,,,,0,0,0,0,0
,,,,,0,0,0,0,0
,,,,,0,0,0,0,0
,,,,,0,0,0,0,0
,,,,,0,0,0,0,0
,,,,,0,0,0,0,0
,,,,,0,0,0,0,0
,,,,,0,0,0,0,0
,,,,,0,0,0,0,0
,,,,,0,0,0,0,0
,,,,,0,0,0,0,0
,,,,,0,0,0,0,0
,,,,,0,0,0,0,0
,,,,,0,0,0,0,0
,,,,,0,0,0,0,0
,,,,,0,0,0,0,0
,,,,,0,0,0,0,0
,,,,,0,0,0,0,0
,,,,,0,0,0,0,0
,,,,,0,0,0,0,0
,,,,,0,0,0,0,0
,,,,,0,0,0,0,0
,,,,,0,0,0,0,0
,,,,,0,0,0,0,0
,,,,,0,0,0,0,0
,,,,,0,0,0,0,0
,,,,,0,0,0,0,0
,,,,,0,0,0,0,0
,,,,,0,0,0,0,0
,,,,,0,0,0,0,0
,,,,,0,0,0,0,0
,,,,,0,0,0,0,0
,,,,,0,0,0,0,0
,,,,,0,0,0,0,0
,,,,,0,0,0,0,0
,,,,,0,0,0,0,0
,,,,,0,0,0,0,0
,,,,,0,0,0,0,0
,,,,,0,0,0,0,0
,,,,,0,0,0,0,0
,,,,,0,0,0,0,0
,,,,,0,0,0,0,0
,,,,,0,0,0,0,0
,,,,,0,0,0,0,0
,,,,,0,0,0,0,0
,,,,,0,0,0,0,0
,,,,,0,0,0,0,0
,,,,,0,0,0,0,0
,,,,,0,0,0,0,0
,,,,,0,0,0,0,0
,,,,,0,0,0,0,0
,,,,,0,0,0,0,0
,,,,,0,0,0,0,0
,,,,,0,0,0,0,0
,,,,,0,0,0,0,0
,,,,,0,0,0,0,0
,,,,,0,0,0,0,0
,,,,,0,0,0,0,0
,,,,,0,0,0,0,0
,,,,,0,0,0,0,0
,,,,,0,0,0,0,0
,,,,,0,0,0,0,0
,,,,,0,0,0,0,0
,,,,,0,0,0,0,0
,,,,,0,0,0,0,0
,,,,,0,0,0,0,0
,,,,,0,0,0,0,0
,,,,,0,0,0,0,0
,,,,,0,0,0,0,0
,,,,,0,0,0,0,0
,,,,,0,0,0,0,0
,,,,,0,0,0,0,0
,,,,,0,0,0,0,0
,,,,,0,0,0,0,0
,,,,,0,0,0,0,0
,,,,,0,0,0,0,0
,,,,,0,0,0,0,0
,,,,,0,0,0,0,0