tank,treatment,date,avg_temp,min_temp,max_temp,avg_temp_last_3_days,min_temp_last_3_days,max_temp_last_3_days
1,chill,2023-09-29,15.948422889043965,15.659,16.776,15.809553925977617,15.489502083333333,15.990736805555555
1,chill,2023-10-03,15.943766666666667,15.153,17.914,16.168645026445834,15.76151424600417,16.800654166666668
1,chill,2023-10-06,15.442201113430759,14.984,16.122,15.676591600108901,15.442201113430759,15.93738314447592
1,chill,2023-10-10,15.491383333333333,14.373,16.628,15.484430555555555,15.469821527777778,15.492086805555555
1,chill,2023-10-13,15.359784027777778,14.542,16.06,15.43459074074074,15.359784027777778,15.487969444444444
1,chill,2023-10-17,15.095465277777778,14.331,15.743,15.20461962228408,15.095465277777778,15.332470833333334
1,chill,2023-10-20,15.630679861111112,14.921,16.649,15.525342375130178,15.291855555555555,15.653491708723864
1,chill,2023-10-24,16.2224702970297,15.554,16.881,15.721763704108506,15.469680555555556,16.2224702970297
1,chill,2023-10-27,15.451970833333334,14.542,15.807,15.545779398148149,15.451970833333334,15.634960416666667
1,chill,2023-10-31,15.490258333333333,14.12,16.439,15.48344259259259,15.446995833333334,15.51307361111111
1,chill,2023-11-03,15.17830201809325,13.973,16.396,15.365442107882934,15.17830201809325,15.464952777777778
1,chill,2023-11-07,15.482471527777777,15.111,15.743,15.447383212962961,15.418602777777778,15.482471527777777
1,chill,2023-11-10,15.35732105628909,14.731,16.122,15.416486485650578,15.35732105628909,15.451158553546593
1,chill,2023-11-14,15.34665090403338,14.795,15.933,15.369951227270386,15.34665090403338,15.381711805555556
1,chill,2023-11-17,15.323575,14.542,15.764,15.297641435185184,15.233849305555555,15.3355
1,chill,2023-11-21,15.240289583333333,14.099,15.743,15.263251879217535,15.228906944444445,15.320559109874827
1,chill,2023-11-24,15.270009728978458,14.984,15.807,15.274700275908906,15.270009728978458,15.277883866481224
1,chill,2023-11-28,15.321240277777777,14.078,18.019,15.270910520012363,15.226723226703756,15.321240277777777
1,chill,2023-12-01,15.18828125,14.942,15.406,15.224040681180137,15.18828125,15.257469444444444
1,chill,2023-12-05,15.044011805555556,14.605,15.322,15.103509953703702,15.044011805555556,15.158856944444445
1,chill,2023-12-08,14.939300694444444,14.542,15.364,14.984386312973264,14.939300694444444,15.025422222222222
1,chill,2023-12-12,14.782050694444445,13.72,15.554,14.834621631784197,14.782050694444445,14.874207232267038
1,chill,2023-12-15,14.804356050069542,14.141,15.237,14.77973812780096,14.763395138888889,14.804356050069542
1,chill,2023-12-19,15.149047255038221,14.731,15.575,14.97421989194624,14.82344297635605,15.149047255038221
1,chill,2023-12-22,15.655725694444445,15.427,16.396,15.579740399796528,15.508731944444444,15.655725694444445
1,chill,2023-12-26,15.811331944444445,15.68,16.06,15.786853935185185,15.755409722222222,15.811331944444445
1,chill,2023-12-29,15.69689513888889,15.111,15.996,15.873478935185185,15.69689513888889,15.999014583333333
1,chill,2024-01-02,15.389635605006955,15.111,15.638,15.477954460928244,15.389635605006955,15.58407986111111
1,chill,2024-01-05,14.692057638888889,14.352,15.111,14.901971296296296,14.692057638888889,15.187256944444444
1,chill,2024-01-09,14.238724305555555,14.099,14.478,14.353145384848014,14.238724305555555,14.555649305555555
1,chill,2024-01-12,14.15665625,14.036,14.373,14.180714351851853,14.15665625,14.227950694444445
1,chill,2024-01-16,14.26104861111111,14.099,14.373,14.226793055555556,14.175784722222222,14.26104861111111
1,chill,2024-01-19,14.200047222222222,13.214,15.554,14.345090281641168,14.200047222222222,14.467215277777777
1,chill,2024-01-23,14.203490959666203,13.91,14.352,14.092592819888734,13.992984722222221,14.203490959666203
1,chill,2024-01-26,14.241782731776363,14.036,14.478,14.25550951783446,14.241782731776363,14.280687325905292
1,chill,2024-01-30,14.314125694444444,13.909,14.605,14.280776851851853,14.219640277777778,14.314125694444444
1,chill,2024-02-02,14.48555331010453,14.099,14.795,14.423476103368175,14.222671527777777,14.562203472222222
1,chill,2024-02-06,14.178111961057024,13.952,14.352,14.212531764796784,14.178111961057024,14.234834722222223
1,chill,2024-02-09,14.157648611111112,13.678,14.605,14.17722013888889,14.067831944444444,14.306179861111112
1,chill,2024-02-13,13.769702853166319,13.488,14.141,13.785379886240625,13.769702853166319,13.803365277777777
1,chill,2024-02-16,13.7973375,13.657,13.952,13.782754326675423,13.75684561891516,13.7973375
1,chill,2024-02-20,14.283235580264073,14.225,14.352,14.198783306090704,14.049790972222223,14.283235580264073
2,chill,2023-09-29,15.84463712491277,15.554,16.606,15.712254967563517,15.396396527777778,15.89573125
2,chill,2023-10-03,15.826565277777778,15.07,17.807,16.076283650072067,15.68336831132731,16.71891736111111
2,chill,2023-10-06,15.35961447459986,14.965,15.975,15.595033442674639,15.35961447459986,15.86806373937677
2,chill,2023-10-10,15.394550694444444,14.333,16.48,15.387621527777776,15.359234027777777,15.409079861111111
2,chill,2023-10-13,15.265392361111111,14.439,15.933,15.328735416666667,15.265392361111111,15.37766875
2,chill,2023-10-17,14.99733611111111,14.228,15.639,15.11425462576355,14.99733611111111,15.246766666666666
2,chill,2023-10-20,15.63121736111111,14.838,16.775,15.51257790945686,15.171826388888888,15.734689978370584
2,chill,2023-10-24,16.102086633663365,15.428,16.733,15.598083276035936,15.344363194444444,16.102086633663365
2,chill,2023-10-27,15.323036805555555,14.565,15.66,15.424004398148147,15.323036805555555,15.519952083333333
2,chill,2023-10-31,15.350294444444444,14.165,16.27,15.331292592592591,15.293103472222223,15.350479861111111
2,chill,2023-11-03,14.964860821155185,13.765,16.165,15.191747125570245,14.964860821155185,15.324783333333333
2,chill,2023-11-07,15.183207638888888,14.712,15.575,15.135385925925926,15.058786805555556,15.183207638888888
2,chill,2023-11-10,15.162990965948575,14.544,15.954,15.23365059651931,15.162990965948575,15.274625173852574
2,chill,2023-11-14,15.154497913769124,14.649,15.723,15.17890555458971,15.154497913769124,15.19902361111111
2,chill,2023-11-17,15.113891666666666,14.333,15.407,15.099228009259258,15.042306250000001,15.141486111111112
2,chill,2023-11-21,15.032956944444445,13.892,15.554,15.05062503670221,15.017838888888889,15.101079276773296
2,chill,2023-11-24,15.050990965948575,14.712,15.575,15.07562540775013,15.050990965948575,15.089963838664811
2,chill,2023-11-28,14.960095138888889,14.733,15.217,14.982207136326172,14.960095138888889,15.002414464534075
2,chill,2023-12-01,14.880597916666666,14.649,15.323,14.918534333307576,14.880597916666666,14.946345138888889
2,chill,2023-12-05,14.778825,14.376,15.07,14.808506944444444,14.778825,14.835658333333333
2,chill,2023-12-08,14.681274305555556,14.271,14.986,14.720241024377993,14.681274305555556,14.75733611111111
2,chill,2023-12-12,14.534829861111112,13.492,15.954,14.577348933510152,14.534829861111112,14.60856397774687
2,chill,2023-12-15,14.507460361613353,13.892,15.428,14.516535861278525,14.507460361613353,14.522809027777777
2,chill,2023-12-19,14.910116747741487,14.481,15.491,14.71719299018107,14.568300417246174,14.910116747741487
2,chill,2023-12-22,15.403053472222222,15.091,15.828,15.350868800546026,15.294443750000001,15.403053472222222
2,chill,2023-12-26,15.568624305555556,15.428,15.912,15.532671759259259,15.496404861111111,15.568624305555556
2,chill,2023-12-29,15.527442361111111,14.965,15.849,15.696911574074074,15.527442361111111,15.791892361111111
2,chill,2024-01-02,15.147479137691237,14.965,15.47,15.22141503663782,15.147479137691237,15.312022916666667
2,chill,2024-01-05,14.471906944444445,14.165,14.86,14.670954166666666,14.471906944444445,14.94267638888889
2,chill,2024-01-09,14.007518055555556,13.892,14.271,14.11090972865673,14.007518055555556,14.302183333333334
2,chill,2024-01-12,13.925238194444445,13.807,14.039,13.954050694444446,13.925238194444445,14.00265625
2,chill,2024-01-16,14.054190972222223,13.934,14.165,14.006757407407408,13.942666666666666,14.054190972222223
2,chill,2024-01-19,13.9883125,13.828,14.271,14.1482376825452,13.9883125,14.284006250000001
2,chill,2024-01-23,13.970140472878999,13.702,14.102,13.923732240959666,13.872334027777779,13.970140472878999
2,chill,2024-01-26,13.932698513800425,13.702,14.144,13.96780061880627,13.932698513800425,13.998947075208914
2,chill,2024-01-30,14.012150694444445,13.597,14.333,13.972312500000001,13.911048611111111,14.012150694444445
2,chill,2024-02-02,14.19542787456446,13.913,14.439,14.132717856336301,13.931459027777779,14.271266666666667
2,chill,2024-02-06,13.912583449235049,13.765,14.165,13.934092399745017,13.912583449235049,13.95469375
2,chill,2024-02-09,13.910635416666667,13.407,14.397,13.938010648148149,13.818389583333333,14.085006944444444
2,chill,2024-02-13,13.513692414752958,13.239,13.892,13.52219446232506,13.513692414752958,13.53407638888889
2,chill,2024-02-16,13.561390972222222,13.387,13.702,13.539092037874106,13.50830180806676,13.561390972222222
2,chill,2024-02-20,14.052507991660876,13.954,14.123,13.970908016292563,13.818654861111112,14.052507991660876
3,chill,2023-09-29,15.855455687369156,15.554,16.628,15.723318099493424,15.406759722222223,15.907738888888888
3,chill,2023-10-03,15.836478472222222,15.048,17.83,16.089464965864927,15.67865253648367,16.75326388888889
3,chill,2023-10-06,15.365528879610299,14.921,15.996,15.599304743167382,15.365528879610299,15.870351274787536
3,chill,2023-10-10,15.4400875,14.416,16.565,15.426160416666667,15.406260416666667,15.4400875
3,chill,2023-10-13,15.308456944444444,14.542,15.996,15.37539050925926,15.308456944444444,15.42633611111111
3,chill,2023-10-17,15.032819444444444,14.289,15.68,15.149474007384212,15.032819444444444,15.281365277777779
3,chill,2023-10-20,15.575709722222221,14.921,16.565,15.472154548686214,15.201854861111112,15.638899062725306
3,chill,2023-10-24,16.146326732673266,15.49,16.776,15.652095003964682,15.4037375,16.146326732673266
3,chill,2023-10-27,15.37843611111111,14.605,15.743,15.479569444444445,15.37843611111111,15.573404861111111
3,chill,2023-10-31,15.40315625,14.352,16.312,15.385012037037038,15.349271527777777,15.40315625
3,chill,2023-11-03,15.008926235212247,13.846,16.228,15.234764069144823,15.008926235212247,15.365272222222222
3,chill,2023-11-07,15.241486805555555,14.795,15.616,15.192408416666666,15.116327777777778,15.241486805555555
3,chill,2023-11-10,15.230416261292564,14.626,15.996,15.305864084096159,15.230416261292564,15.357251043115438
3,chill,2023-11-14,15.234397774687066,14.795,15.807,15.257426804525318,15.234397774687066,15.280315277777778
3,chill,2023-11-17,15.195903472222222,14.416,16.565,15.189790046296297,15.1400625,15.233404166666666
3,chill,2023-11-21,15.09352013888889,13.973,15.616,15.120130585818783,15.09130625,15.175565368567455
3,chill,2023-11-24,15.12553787352328,14.795,16.46,15.141124817368215,15.12553787352328,15.15599652294854
3,chill,2023-11-28,15.053972222222223,14.858,15.301,15.070187224411479,15.053972222222223,15.079404728789987
3,chill,2023-12-01,14.963528472222222,14.731,15.174,15.013494518814712,14.963528472222222,15.048294444444444
3,chill,2023-12-05,14.84600625,14.437,15.111,14.871884722222225,14.84600625,14.893688888888889
3,chill,2023-12-08,14.754635416666666,14.352,15.048,14.793560053186008,14.754635416666666,14.835329861111111
3,chill,2023-12-12,14.610889583333334,13.53,15.301,14.655564313562332,14.610889583333334,14.685727399165508
3,chill,2023-12-15,14.575165507649514,13.952,14.984,14.593391280327616,14.575165507649514,14.605286111111111
3,chill,2023-12-19,14.985856150104238,14.584,15.427,14.791407069544869,14.6448421418637,14.985856150104238
3,chill,2023-12-22,15.459684027777778,15.174,15.616,15.418011138798745,15.366289583333334,15.459684027777778
3,chill,2023-12-26,15.627198611111112,15.511,15.807,15.599661111111113,15.567274305555555,15.627198611111112
3,chill,2023-12-29,15.54999375,15.048,15.869,15.709253703703704,15.54999375,15.799624305555556
3,chill,2024-01-02,15.187159248956885,15.005,15.49,15.257338731133776,15.187159248956885,15.344035416666667
3,chill,2024-01-05,14.516483333333333,14.289,14.858,14.715256481481482,14.516483333333333,14.988402777777779
3,chill,2024-01-09,14.059945138888889,13.91,14.31,14.152754416003914,14.059945138888889,14.338240972222222
3,chill,2024-01-12,14.000402083333334,13.889,14.099,14.019576157407409,13.997752777777778,14.060573611111112
3,chill,2024-01-16,14.13450138888889,14.036,14.225,14.09042013888889,14.029433333333333,14.13450138888889
3,chill,2024-01-19,14.006566666666666,13.846,14.163,14.185375159042911,14.006566666666666,14.351715277777778
3,chill,2024-01-23,13.982746870653687,13.783,14.099,14.030143169847525,13.982746870653687,14.05520138888889
3,chill,2024-01-26,13.955789101203115,13.72,14.184,14.017506998451177,13.955789101203115,14.067684540389973
3,chill,2024-01-30,14.044770833333333,13.783,14.352,13.993383333333334,13.928265972222222,14.044770833333333
3,chill,2024-02-02,14.232960975609757,14.015,14.478,14.18097009372177,13.976733333333334,14.333215972222222
3,chill,2024-02-06,13.960484005563282,13.846,14.184,13.977132400002576,13.960484005563282,13.992483333333334
3,chill,2024-02-09,13.962267361111111,13.467,14.437,13.99532337962963,13.88808263888889,14.13562013888889
3,chill,2024-02-13,13.565057759220599,13.278,13.931,13.572603512332792,13.565057759220599,13.582849305555555
3,chill,2024-02-16,13.611611111111111,13.467,13.783,13.592270172371608,13.567572322670376,13.611611111111111
3,chill,2024-02-20,14.116249478804725,14.036,14.163,14.024916295901994,13.865925,14.116249478804725
4,chill,2023-09-29,15.786831821353804,15.517,16.522,15.643887690451267,15.318120833333333,15.826710416666666
4,chill,2023-10-03,15.77583263888889,15.015,17.715,16.025313165810875,15.620876302988187,16.679230555555556
4,chill,2023-10-06,15.300279053583855,14.889,15.894,15.535336896412048,15.300279053583855,15.803503541076488
4,chill,2023-10-10,15.379665277777777,14.449,16.459,15.361910648148148,15.349713194444444,15.379665277777777
4,chill,2023-10-13,15.228859027777778,14.449,15.894,15.307417824074074,15.228859027777778,15.36275
4,chill,2023-10-17,14.972134722222222,14.261,15.579,15.074254887207145,14.972134722222222,15.193259027777778
4,chill,2023-10-20,15.50311875,14.826,16.459,15.408715693009158,15.149654861111111,15.573373467916367
4,chill,2023-10-24,16.09645792079208,15.454,16.71,15.593759701952338,15.33715625,16.09645792079208
4,chill,2023-10-27,15.330326388888889,14.7,15.643,15.427291435185184,15.330326388888889,15.525108333333334
4,chill,2023-10-31,15.375016666666667,14.449,16.271,15.354158564814815,15.3204875,15.375016666666667
4,chill,2023-11-03,15.007555323590815,13.758,16.208,15.218570061567307,15.007555323590815,15.3408125
4,chill,2023-11-07,15.169516666666667,14.763,15.579,15.11606112962963,15.02760138888889,15.169516666666667
4,chill,2023-11-10,15.212489923558026,14.638,15.956,15.280173989496518,15.212489923558026,15.321112656467315
4,chill,2023-11-14,15.19919123783032,14.805,15.747,15.226100782980476,15.19919123783032,15.241952083333333
4,chill,2023-11-17,15.155317361111111,14.386,15.392,15.148858101851852,15.092394444444444,15.1988625
4,chill,2023-11-21,15.071311111111111,13.967,15.579,15.106453146409622,15.071311111111111,15.162796244784422
4,chill,2023-11-24,15.124451007644197,14.826,15.643,15.124396742928221,15.123767732962447,15.124971488178025
4,chill,2023-11-28,15.064857638888888,14.826,15.287,15.086036163588831,15.064857638888888,15.0976375
4,chill,2023-12-01,14.990567361111111,14.826,15.182,15.033056570661413,14.990567361111111,15.066409722222222
4,chill,2023-12-05,14.863218055555556,14.512,15.14,14.912701157407406,14.863218055555556,14.95375625
4,chill,2023-12-08,14.757346527777777,14.323,15.015,14.810714635489106,14.757346527777777,14.862184722222223
4,chill,2023-12-12,14.629896527777777,13.611,15.266,14.680187524931432,14.629896527777777,14.716407510431154
4,chill,2023-12-15,14.568992350486788,13.946,14.993,14.592560413125225,14.568992350486788,14.604388194444445
4,chill,2023-12-19,14.977514940931203,14.574,15.412,14.790659630222832,14.6475438108484,14.977514940931203
4,chill,2023-12-22,15.450005555555556,15.14,15.643,15.407403092322156,15.356024305555556,15.450005555555556
4,chill,2023-12-26,15.601446527777778,15.517,15.768,15.587589351851852,15.566195833333333,15.601446527777778
4,chill,2023-12-29,15.54054375,15.015,15.831,15.673271990740739,15.54054375,15.740429166666667
4,chill,2024-01-02,15.191238525730181,14.972,15.454,15.308199878947098,15.191238525730181,15.444266666666667
4,chill,2024-01-05,14.574304861111111,14.323,14.889,14.76828263888889,14.574304861111111,15.043564583333334
4,chill,2024-01-09,14.09351388888889,13.946,14.323,14.20314045649628,14.09351388888889,14.409135416666667
4,chill,2024-01-12,14.075457638888889,13.946,14.197,14.100171064814814,14.075457638888889,14.1290125
4,chill,2024-01-16,14.21265,14.093,14.323,14.17776550925926,14.127355555555555,14.21265
4,chill,2024-01-19,14.089184027777778,13.884,14.24,14.270315325748209,14.089184027777778,14.418158333333333
4,chill,2024-01-23,14.0822280945758,13.8,14.261,13.981657281525267,13.890832638888888,14.0822280945758
4,chill,2024-01-26,14.103900212314224,13.884,14.282,14.143574676156737,14.103900212314224,14.187746518105849
4,chill,2024-01-30,14.1731,13.758,14.449,14.126317824074073,14.062214583333333,14.1731
4,chill,2024-02-02,14.378358885017422,14.135,14.574,14.32415249870951,14.114652777777778,14.479445833333333
4,chill,2024-02-06,14.08334283727399,13.842,14.261,14.13569205686911,14.08334283727399,14.17390625
4,chill,2024-02-09,14.08203125,13.633,14.512,14.104264351851853,13.992667361111112,14.238094444444444
4,chill,2024-02-13,13.696667362560891,13.444,14.03,13.709574769001778,13.696667362560891,13.726175
4,chill,2024-02-16,13.762725694444445,13.611,13.884,13.736300577254932,13.717246870653685,13.762725694444445
4,chill,2024-02-20,14.222751216122306,14.135,14.282,14.130454736234865,13.969258333333332,14.222751216122306
5,chill,2023-09-29,15.864805303558967,15.576,16.67,15.718378156741878,15.393390277777778,15.896938888888888
5,chill,2023-10-03,15.87288611111111,15.092,17.87,16.104690387968756,15.664476025017374,16.776709027777777
5,chill,2023-10-06,15.36321851078636,14.923,16.039,15.596160356842214,15.36321851078636,15.84821388101983
5,chill,2023-10-10,15.44142361111111,14.523,16.586,15.419535185185188,15.394899305555555,15.44142361111111
5,chill,2023-10-13,15.287547916666666,14.461,15.997,15.372006481481483,15.287547916666666,15.430364583333333
5,chill,2023-10-17,15.055428472222221,14.271,15.681,15.152470003092864,15.055428472222221,15.26284375
5,chill,2023-10-20,15.593330555555555,14.902,16.607,15.506496310315363,15.289666666666667,15.636491708723865
5,chill,2023-10-24,16.212900990099012,15.534,16.796,15.684072928036855,15.405084027777779,16.212900990099012
5,chill,2023-10-27,15.407384027777779,14.776,15.723,15.480312731481483,15.407384027777779,15.570052777777779
5,chill,2023-10-31,15.450178472222222,14.397,16.355,15.428481712962963,15.3837,15.451566666666666
5,chill,2023-11-03,15.043280445372304,13.829,16.291,15.293127278087065,15.043280445372304,15.462794444444445
5,chill,2023-11-07,15.320786111111111,14.839,15.681,15.254148166666667,15.189309722222223,15.320786111111111
5,chill,2023-11-10,15.265145239749826,14.587,16.06,15.338423972501895,15.265145239749826,15.386289290681502
5,chill,2023-11-14,15.252461752433936,14.713,15.85,15.275445815626128,15.252461752433936,15.29524513888889
5,chill,2023-11-17,15.21491736111111,14.461,15.534,15.191430092592592,15.116349305555556,15.243023611111111
5,chill,2023-11-21,15.144754166666667,14.018,15.66,15.161974916937105,15.12485,15.216320584144645
5,chill,2023-11-24,15.096223071577484,14.713,15.66,15.145407458722397,15.096223071577484,15.180491655076494
5,chill,2023-11-28,14.98851875,14.713,17.07,15.004597444689127,14.98851875,15.025980528511822
5,chill,2023-12-01,14.889184722222222,14.566,15.155,14.917632928965126,14.889184722222222,14.941587499999999
5,chill,2023-12-05,14.815061805555555,14.334,15.092,14.82025601851852,14.80911875,14.8365875
5,chill,2023-12-08,14.76004513888889,14.334,15.092,14.770090641258436,14.76004513888889,14.786941666666667
5,chill,2023-12-12,14.594872916666667,13.513,15.407,14.641974296913409,14.594872916666667,14.672429068150208
5,chill,2023-12-15,14.561122392211404,13.955,15.028,14.5633032974038,14.561122392211404,14.566106944444444
5,chill,2023-12-19,14.944940931202224,14.502,15.407,14.748515017491352,14.592967315716272,14.944940931202224
5,chill,2023-12-22,15.44001875,15.218,15.639,15.388701121027148,15.335663194444445,15.44001875
5,chill,2023-12-26,15.577079166666667,15.471,15.723,15.54495578703704,15.504946527777777,15.577079166666667
5,chill,2023-12-29,15.474297222222223,14.902,15.723,15.614028935185187,15.474297222222223,15.710677083333334
5,chill,2024-01-02,15.140504172461753,15.007,15.407,15.23193356674651,15.140504172461753,15.337209027777778
5,chill,2024-01-05,14.475486111111111,14.271,14.776,14.665123842592594,14.475486111111111,14.925852083333334
5,chill,2024-01-09,14.041452777777778,13.892,14.313,14.135141609077808,14.041452777777778,14.317220833333334
5,chill,2024-01-12,13.983535416666667,13.829,14.123,13.991859490740742,13.970432638888889,14.021610416666666
5,chill,2024-01-16,14.121975694444444,14.018,14.229,14.072877083333333,14.008299305555555,14.121975694444444
5,chill,2024-01-19,13.977728472222223,13.703,14.187,14.143815710155566,13.977728472222223,14.323784722222221
5,chill,2024-01-23,14.013527816411683,13.829,14.271,14.070274781396487,14.013527816411683,14.099081944444444
5,chill,2024-01-26,13.93197381457891,13.703,14.229,13.989156081182758,13.93197381457891,14.055099582172701
5,chill,2024-01-30,14.016983333333334,13.765,14.334,13.965367361111113,13.89720625,14.016983333333334
5,chill,2024-02-02,14.190573519163763,14.018,14.439,14.136771265647182,13.9404625,14.279277777777779
5,chill,2024-02-06,13.916454102920722,13.829,14.144,13.929564099121725,13.916454102920722,13.946760416666667
5,chill,2024-02-09,13.949204861111111,13.429,14.461,13.97075625,13.866850694444445,14.096213194444445
5,chill,2024-02-13,13.537118302018094,13.26,13.934,13.547988971043068,13.537118302018094,13.56029375
5,chill,2024-02-16,13.584949305555556,13.429,13.745,13.562917590660897,13.538495827538247,13.584949305555556
5,chill,2024-02-20,14.074373870743573,13.997,14.144,13.983422154874654,13.828725,14.074373870743573
6,severe,2023-09-29,16.55425052337753,15.642,18.574,15.936954572607325,15.365042361111112,16.55425052337753
6,severe,2023-10-03,15.800564583333333,14.826,18.657,15.880666250675624,15.430202918693537,16.41123125
6,severe,2023-10-06,17.333265831593597,16.731,17.652,16.94040343308009,16.66227478753541,17.333265831593597
6,severe,2023-10-10,18.963953472222222,18.155,19.662,18.52545324074074,17.77668263888889,18.963953472222222
6,severe,2023-10-13,18.89340902777778,18.385,19.307,18.907783564814817,18.89340902777778,18.93562361111111
6,severe,2023-10-17,18.666924305555554,17.192,19.851,18.89351906895152,18.666924305555554,19.012125956854558
6,severe,2023-10-20,19.143530555555554,17.464,19.893,18.730845990046465,17.784296527777776,19.264710886806057
6,severe,2023-10-24,19.56164108910891,19.223,19.683,19.270058865321058,18.9847987012987,19.56164108910891
6,severe,2023-10-27,19.212713194444444,18.029,19.746,19.25500277777778,19.212713194444444,19.2881125
6,severe,2023-10-31,18.93612152777778,18.029,19.349,18.874312962962964,18.691830555555555,18.994986805555556
6,severe,2023-11-03,18.750693806541406,17.715,19.851,18.902914139217504,18.750693806541406,19.03556875
6,severe,2023-11-07,19.13979861111111,18.908,19.746,19.13143528703704,19.123642666666665,19.13979861111111
6,severe,2023-11-10,19.06654551772064,18.301,19.851,19.04460455397895,18.979408617095206,19.087859527121
6,severe,2023-11-14,19.071420027816412,18.721,19.537,19.069350194457325,19.061736111111113,19.074894444444446
6,severe,2023-11-17,19.036564583333334,18.134,19.223,19.02347314814815,19.013675,19.036564583333334
6,severe,2023-11-21,18.951040972222224,17.967,19.411,18.994141855328902,18.951040972222224,19.043907510431154
6,severe,2023-11-24,18.943108408617096,18.699,19.411,18.961088291977607,18.943108408617096,18.97297566063978
6,severe,2023-11-28,18.86653888888889,18.678,19.097,18.86581529387524,18.851534770514604,18.879372222222223
6,severe,2023-12-01,18.776115277777777,18.553,18.908,18.831524830654715,18.776115277777777,18.874325
6,severe,2023-12-05,18.637975,18.28,18.888,18.70642777777778,18.637975,18.758086111111112
6,severe,2023-12-08,18.51311736111111,18.029,18.741,18.606203708210995,18.51311736111111,18.689484027777777
6,severe,2023-12-12,17.99282986111111,16.773,18.972,18.34560242421136,17.99282986111111,18.534471488178024
6,severe,2023-12-15,15.185091098748261,14.449,15.893,16.142990551434607,15.185091098748261,17.091224305555556
6,severe,2023-12-19,15.101906879777623,14.574,15.767,14.774829281617523,14.589794853963838,15.101906879777623
6,severe,2023-12-22,15.451508333333333,15.118,15.663,15.434652301614898,15.363977083333333,15.488471488178025
6,severe,2023-12-26,15.550945138888888,15.433,15.935,15.550728472222223,15.537752083333334,15.563488194444444
6,severe,2023-12-29,15.38444375,14.197,15.663,15.52449212962963,15.38444375,15.628525
6,severe,2024-01-02,15.33919471488178,15.098,15.579,15.43373921051615,15.33919471488178,15.541602083333334
6,severe,2024-01-05,14.546259722222223,14.281,14.826,14.802871064814816,14.546259722222223,15.164083333333334
6,severe,2024-01-09,14.067894444444445,13.946,14.365,14.177376403849124,14.067894444444445,14.387170138888889
6,severe,2024-01-12,14.013582638888888,13.883,14.113,14.046570138888889,14.013582638888888,14.092328472222222
6,severe,2024-01-16,14.101031944444443,14.008,14.616,14.068184722222222,14.027924305555555,14.101031944444443
6,severe,2024-01-19,14.027518055555555,13.946,14.134,14.184106159532272,14.027518055555555,14.318995833333334
6,severe,2024-01-23,14.035155771905425,13.695,14.302,14.049973220264773,14.022892361111111,14.091871527777778
6,severe,2024-01-26,14.024994338287332,13.821,14.197,14.06688529939197,14.024994338287332,14.102896935933147
6,severe,2024-01-30,14.125531944444443,13.778,14.385,14.09238611111111,14.033545138888888,14.125531944444443
6,severe,2024-02-02,14.313479442508712,14.155,14.511,14.238173934539942,14.017809722222221,14.383232638888888
6,severe,2024-02-06,13.9652983310153,13.757,14.072,14.01283115663473,13.9652983310153,14.058779166666666
6,severe,2024-02-09,13.914884722222222,13.485,14.365,13.958304861111111,13.885972222222222,14.074057638888888
6,severe,2024-02-13,13.537100208768267,13.318,13.821,13.557009097367201,13.537100208768267,13.575142361111112
6,severe,2024-02-16,13.656720833333333,13.506,13.821,13.59755254951579,13.540429861111111,13.656720833333333
6,severe,2024-02-20,14.125685892981236,14.03,14.197,14.030894329559139,13.887588194444444,14.125685892981236
7,severe,2023-09-29,16.69071109560363,15.808,18.705,16.066540272608616,15.49263611111111,16.69071109560363
7,severe,2023-10-03,15.915354861111112,14.99,18.769,16.003961607533522,15.566144544822794,16.530385416666668
7,severe,2023-10-06,17.488371607515656,16.942,17.823,17.09028377282571,16.82518555240793,17.488371607515656
7,severe,2023-10-10,19.146485416666668,18.327,19.839,18.698651157407408,17.942461805555556,19.146485416666668
7,severe,2023-10-13,19.09154375,18.579,19.524,19.097908564814812,19.072623611111112,19.129558333333332
7,severe,2023-10-17,18.86360625,17.383,20.028,19.092500569280137,18.86360625,19.207075694444445
7,severe,2023-10-20,19.328097222222222,17.697,20.07,18.909488486842104,17.93868402777778,19.461684210526315
7,severe,2023-10-24,19.729893564356434,19.398,19.86,19.457853912385286,19.182788311688313,19.729893564356434
7,severe,2023-10-27,19.380445833333333,18.705,19.923,19.430733796296295,19.380445833333333,19.469539583333333
7,severe,2023-10-31,19.06706736111111,18.265,19.461,19.001519907407406,18.815774305555554,19.121718055555554
7,severe,2023-11-03,18.927629784272792,17.887,20.028,19.060035854016856,18.927629784272792,19.191937499999998
7,severe,2023-11-07,19.311277083333334,19.125,19.944,19.30965953703704,19.308396666666667,19.311277083333334
7,severe,2023-11-10,19.234586518415565,18.643,20.028,19.203292134663133,19.129144544822793,19.246145340751042
7,severe,2023-11-14,19.231340751043117,18.915,19.713,19.233280713310666,19.222846527777776,19.24565486111111
7,severe,2023-11-17,19.198833333333333,18.306,19.419,19.195002777777777,19.19140486111111,19.198833333333333
7,severe,2023-11-21,19.101127777777776,18.075,19.587,19.142123246986554,19.101127777777776,19.191713490959664
7,severe,2023-11-24,19.1070701876303,18.076,19.566,19.130614958231888,19.1070701876303,19.14718776077886
7,severe,2023-11-28,19.025713194444446,18.831,19.209,19.028749137820018,19.01763769123783,19.042896527777778
7,severe,2023-12-01,18.927210416666668,18.705,19.041,18.973952685700304,18.927210416666668,19.005846527777777
7,severe,2023-12-05,18.77105138888889,18.432,19.021,18.852656481481482,18.77105138888889,18.910325
7,severe,2023-12-08,18.670604166666667,18.18,18.957,18.75373217431618,18.670604166666667,18.821095833333334
7,severe,2023-12-12,18.12734097222222,16.921,19.083,18.48243648608771,18.12734097222222,18.669407510431153
7,severe,2023-12-15,15.228021557719055,14.486,15.934,16.219548621091537,15.228021557719055,17.20104375
7,severe,2023-12-19,15.141145934676858,14.612,15.808,14.800048271109253,14.608692628650903,15.141145934676858
7,severe,2023-12-22,15.506477777777778,15.22,15.682,15.485536126564673,15.407097222222221,15.54303337969402
7,severe,2023-12-26,15.590098611111111,15.451,15.746,15.599825000000001,15.590098611111111,15.614088194444443
7,severe,2023-12-29,15.348434027777778,14.234,15.661,15.48640324074074,15.348434027777778,15.619501388888889
7,severe,2024-01-02,15.36873157162726,15.157,15.494,15.461600338690568,15.36873157162726,15.565371527777778
7,severe,2024-01-05,14.6024875,14.36,14.864,14.857651388888888,14.6024875,15.214326388888889
7,severe,2024-01-09,14.108884027777778,14.003,14.339,14.235586782713048,14.108884027777778,14.457975
7,severe,2024-01-12,14.058692361111111,13.94,14.129,14.076485648148148,14.058692361111111,14.106707638888889
7,severe,2024-01-16,14.17128125,14.066,14.276,14.128467592592592,14.075211111111111,14.17128125
7,severe,2024-01-19,14.099552083333334,13.982,14.8,14.257763674792665,14.099552083333334,14.385701388888888
7,severe,2024-01-23,14.099064673157162,13.772,14.296,14.115270168830165,14.09165763888889,14.155088194444444
7,severe,2024-01-26,14.063163481953291,13.877,14.234,14.109894558979788,14.063163481953291,14.135442896935933
7,severe,2024-01-30,14.140184722222223,13.793,14.422,14.12474236111111,14.072138888888889,14.161903472222223
7,severe,2024-02-02,14.361905923344947,14.234,14.548,14.274438548522388,14.049263194444444,14.412146527777777
7,severe,2024-02-06,14.067799721835883,13.919,14.17,14.103456851723072,14.067799721835883,14.136170833333333
7,severe,2024-02-09,14.009966666666667,13.562,14.486,14.052862037037038,13.979689583333334,14.168929861111112
7,severe,2024-02-13,13.618759916492692,13.373,13.94,13.626656777719786,13.618759916492692,13.63906875
7,severe,2024-02-16,13.725391666666667,13.541,13.856,13.667255515955802,13.613960416666666,13.725391666666667
7,severe,2024-02-20,14.21997637248089,14.129,14.296,14.111272369034864,13.949011805555555,14.21997637248089
8,severe,2023-09-29,16.65392044661549,15.722,18.753,16.015604963686645,15.434275694444445,16.65392044661549
8,severe,2023-10-03,15.874640972222222,14.902,18.753,15.951878288677838,15.495207088255734,16.485786805555556
8,severe,2023-10-06,17.471457898399443,16.859,17.807,17.06093843362485,16.775997875354108,17.471457898399443
8,severe,2023-10-10,19.158399305555555,18.354,19.89,18.701458333333335,17.92850347222222,19.158399305555555
8,severe,2023-10-13,19.094727777777777,18.585,19.511,19.103939583333332,19.07836388888889,19.138727083333333
8,severe,2023-10-17,18.850279166666667,17.302,20.059,19.09313200291889,18.850279166666667,19.217032638888888
8,severe,2023-10-20,19.346196527777778,17.68,20.08,18.91590351561457,17.933944444444442,19.467569574621486
8,severe,2023-10-24,19.74328217821782,19.448,19.89,19.467870730882613,19.184307792207793,19.74328217821782
8,severe,2023-10-27,19.39615486111111,18.732,19.954,19.432576157407407,19.39615486111111,19.47254513888889
8,severe,2023-10-31,19.097939583333336,18.248,19.469,19.018902083333334,18.8175,19.141266666666667
8,severe,2023-11-03,18.962768963117608,17.933,20.08,19.10179821918735,18.962768963117608,19.23126111111111
8,severe,2023-11-07,19.345647222222222,19.132,20.016,19.347768824074077,19.345647222222222,19.351528000000002
8,severe,2023-11-10,19.259834607366226,18.648,20.037,19.224870526910625,19.14771230020848,19.26706467315716
8,severe,2023-11-14,19.267622392211404,18.943,19.764,19.270160010366766,19.261879166666667,19.280978472222223
8,severe,2023-11-17,19.233385416666668,18.312,19.448,19.226479629629633,19.21979097222222,19.233385416666668
8,severe,2023-11-21,19.15286875,18.122,19.637,19.182147477527945,19.15286875,19.228051460361613
8,severe,2023-11-24,19.157404447533008,18.922,19.637,19.172913443568028,19.157404447533008,19.18486230876217
8,severe,2023-11-28,19.047602083333334,18.859,19.259,19.061045746728997,19.047602083333334,19.072222222222223
8,severe,2023-12-01,18.939975694444446,18.712,19.07,18.98814418302169,18.939975694444446,19.02302152777778
8,severe,2023-12-05,18.799629166666666,18.438,19.006,18.865367129629632,18.799629166666666,18.916803472222224
8,severe,2023-12-08,18.677635416666668,18.248,18.943,18.759052797416683,18.677635416666668,18.829980555555554
8,severe,2023-12-12,18.112938888888888,16.923,19.132,18.4821507120305,18.112938888888888,18.68116342141864
8,severe,2023-12-15,15.163471488178025,14.397,15.912,16.168971514577862,15.163471488178025,17.166080555555556
8,severe,2023-12-19,15.022307157748436,14.46,15.681,14.686774548255817,14.489370653685675,15.022307157748436
8,severe,2023-12-22,15.375339583333334,15.155,15.66,15.355064385978471,15.278779861111111,15.41107371349096
8,severe,2023-12-26,15.413404861111111,15.281,15.534,15.429995601851852,15.413404861111111,15.453489583333333
8,severe,2023-12-29,15.114699305555556,13.954,15.491,15.253681250000001,15.114699305555556,15.41395625
8,severe,2024-01-02,15.177971488178025,14.986,15.281,15.2776835516149,15.177971488178025,15.39234375
8,severe,2024-01-05,14.419767361111111,14.165,14.691,14.675916666666668,14.419767361111111,15.024345138888888
8,severe,2024-01-09,13.939984722222222,13.828,14.165,14.061022628722364,13.939984722222222,14.278327083333334
8,severe,2024-01-12,13.828558333333334,13.639,13.954,13.851835648148148,13.825195833333334,13.901752777777778
8,severe,2024-01-16,13.906250694444445,13.765,14.081,13.855833564814816,13.805964583333333,13.906250694444445
8,severe,2024-01-19,13.703052777777778,13.513,13.954,13.891049142649257,13.703052777777778,14.139946527777777
8,severe,2024-01-23,13.900819888734354,13.639,14.039,13.90400824994849,13.882649305555555,13.928555555555556
8,severe,2024-01-26,13.885208067940551,13.702,14.081,13.936983005005255,13.885208067940551,13.976133704735377
8,severe,2024-01-30,13.960206944444444,13.702,14.228,13.941276620370372,13.886847916666667,13.976775
8,severe,2024-02-02,14.183605574912892,14.081,14.397,14.087483571267262,13.852561111111111,14.226284027777778
8,severe,2024-02-06,13.876515994436717,13.765,13.997,13.917081720367795,13.876515994436717,13.951797916666667
8,severe,2024-02-09,13.848119444444444,13.387,14.312,13.880436342592594,13.80515763888889,13.988031944444446
8,severe,2024-02-13,13.453178844815588,13.197,13.828,13.468336698271864,13.453178844815588,13.48621111111111
8,severe,2024-02-16,13.525525,13.387,13.681,13.488638802284553,13.469312934631432,13.525525
8,severe,2024-02-20,14.023898540653231,13.954,14.081,13.916750510949727,13.758698611111111,14.023898540653231
9,severe,2023-09-29,16.644487787857642,15.703,18.793,15.995214216322916,15.402425,16.644487787857642
9,severe,2023-10-03,15.842067361111111,14.82,18.793,15.913895487478444,15.420505906879777,16.479113194444444
9,severe,2023-10-06,17.480598469032707,16.775,17.784,17.05650549548776,16.7478888101983,17.480598469032707
9,severe,2023-10-10,19.179413194444443,18.352,19.928,18.712898148148145,17.919722916666668,19.179413194444443
9,severe,2023-10-13,19.113678472222222,18.562,19.549,19.13118125,19.1123,19.16756527777778
9,severe,2023-10-17,18.828915277777778,17.279,20.075,19.10073065993969,18.828915277777778,19.24612638888889
9,severe,2023-10-20,19.363045833333334,17.657,20.117,18.92046850984005,17.931473611111112,19.466886085075704
9,severe,2023-10-24,19.761992574257427,19.487,19.886,19.46769553761924,19.167355844155843,19.761992574257427
9,severe,2023-10-27,19.415575,18.751,19.991,19.44457361111111,19.415575,19.489313194444446
9,severe,2023-10-31,19.13892152777778,18.352,19.508,19.04595324074074,18.831810416666666,19.16712777777778
9,severe,2023-11-03,18.976603340292275,17.91,20.18,19.139947178245574,18.976603340292275,19.27523125
9,severe,2023-11-07,19.358205555555553,19.066,20.012,19.35991274074074,19.353866666666665,19.367666
9,severe,2023-11-10,19.299738012508687,18.666,20.117,19.256256072235036,19.174566365531618,19.299738012508687
9,severe,2023-11-14,19.276128650904035,18.814,19.802,19.28332899474579,19.276128650904035,19.29539513888889
9,severe,2023-11-17,19.234864583333334,18.309,19.423,19.21841828703704,19.206098611111113,19.234864583333334
9,severe,2023-11-21,19.199525694444443,18.162,19.655,19.211399485847114,19.187283333333333,19.24738942976356
9,severe,2023-11-24,19.160396108408616,18.877,19.675,19.180393742209457,19.160396108408616,19.194819888734354
9,severe,2023-11-28,19.077077083333332,18.856,19.297,19.09367621761191,19.077077083333332,19.104321527777778
9,severe,2023-12-01,18.98065763888889,18.666,19.108,19.015851659326227,18.98065763888889,19.045813194444445
9,severe,2023-12-05,18.8539375,18.457,19.087,18.90294861111111,18.8539375,18.941633333333332
9,severe,2023-12-08,18.73165625,18.33,19.003,18.806490942602895,18.73165625,18.867380555555556
9,severe,2023-12-12,18.15106388888889,16.901,19.213,18.53678694690472,18.15106388888889,18.748291376912377
9,severe,2023-12-15,15.198048678720445,14.442,16.018,16.19083381883274,15.198048678720445,17.18680833333333
9,severe,2023-12-19,15.088651146629603,14.504,15.766,14.744631990539338,14.541773991655077,15.088651146629603
9,severe,2023-12-22,15.463697222222223,15.261,16.312,15.429513061801371,15.352628472222221,15.472213490959666
9,severe,2023-12-26,15.530809722222223,15.387,15.639,15.529254861111113,15.505252777777779,15.551702083333334
9,severe,2023-12-29,15.237297916666666,13.979,15.639,15.384118749999999,15.237297916666666,15.548336805555556
9,severe,2024-01-02,15.32695340751043,15.135,15.892,15.415491645096068,15.32695340751043,15.515699305555556
9,severe,2024-01-05,14.57981388888889,14.294,14.862,14.826674305555557,14.57981388888889,15.16988125
9,severe,2024-01-09,14.09820625,13.958,14.378,14.2098877771665,14.09820625,14.420259722222223
9,severe,2024-01-12,14.096997222222223,14,14.19,14.096940046296297,14.096343055555556,14.097479861111111
9,severe,2024-01-16,14.189799305555555,14.063,14.273,14.149203703703703,14.097429861111111,14.189799305555555
9,severe,2024-01-19,14.09186388888889,14,14.316,14.254263126835111,14.09186388888889,14.402571527777777
9,severe,2024-01-23,14.113074408901252,13.874,14.252,14.111921793707824,14.0780625,14.144628472222221
9,severe,2024-01-26,14.062075725406936,13.874,14.883,14.123262474857095,14.062075725406936,14.175653899721448
9,severe,2024-01-30,14.162795138888889,13.916,14.442,14.134451851851852,14.081111805555556,14.162795138888889
9,severe,2024-02-02,14.391410452961672,14.273,14.694,14.295437743579816,14.06612013888889,14.428782638888888
9,severe,2024-02-06,14.098967315716273,14,14.19,14.132688179312831,14.098967315716273,14.167134722222222
9,severe,2024-02-09,14.080024305555556,13.621,14.526,14.104042129629628,14.035113194444444,14.196988888888889
9,severe,2024-02-13,13.686858733472512,13.433,14.063,13.703329068564912,13.686858733472512,13.725361805555556
9,severe,2024-02-16,13.762265972222222,13.621,13.937,13.726634008782774,13.704458970792768,13.762265972222222
9,severe,2024-02-20,14.271299513551078,14.19,14.357,14.155826628853811,13.991811805555555,14.271299513551078
10,severe,2023-09-29,16.674579204466156,15.766,18.73,16.041790058896126,15.464549305555556,16.674579204466156
10,severe,2023-10-03,15.924609027777777,14.946,18.856,15.989667460041694,15.522427380125087,16.521965972222223
10,severe,2023-10-06,17.53453931802366,16.859,17.847,17.121444014795536,16.824151558073655,17.53453931802366
10,severe,2023-10-10,19.24181527777778,18.414,19.991,18.782587962962964,18.010661805555557,19.24181527777778
10,severe,2023-10-13,19.197991666666667,18.666,19.613,19.203107175925926,19.179626388888888,19.23170347222222
10,severe,2023-10-17,18.97499861111111,17.469,20.18,19.216630680719863,18.97499861111111,19.340180236604038
10,severe,2023-10-20,19.45895486111111,17.721,20.18,19.03227658999573,18.07727361111111,19.56060129776496
10,severe,2023-10-24,19.88782673267327,19.592,20.012,19.60267578198296,19.31323116883117,19.88782673267327
10,severe,2023-10-27,19.55915486111111,18.877,20.117,19.59281875,19.55915486111111,19.632862499999998
10,severe,2023-10-31,19.26413263888889,18.435,19.634,19.18240532407407,18.980313194444445,19.30277013888889
10,severe,2023-11-03,19.03087404314544,17.973,20.244,19.23396958845589,19.03087404314544,19.392558333333334
10,severe,2023-11-07,19.409084027777777,19.066,20.075,19.41254248148148,19.405902083333334,19.422641333333335
10,severe,2023-11-10,19.367635858234884,18.73,20.18,19.317657637125663,19.234317581653926,19.367635858234884
10,severe,2023-11-14,19.350037552155772,18.856,19.865,19.358020387755627,19.350037552155772,19.366242361111112
10,severe,2023-11-17,19.31832986111111,18.414,19.549,19.305832175925925,19.29303402777778,19.31832986111111
10,severe,2023-11-21,19.280998611111112,18.288,19.739,19.294344001120383,19.274990972222223,19.327042420027816
10,severe,2023-11-24,19.247646977067408,18.099,19.781,19.271204068850935,19.247646977067408,19.284928372739916
10,severe,2023-11-28,19.152449305555557,18.919,19.361,19.182843136364806,19.152449305555557,19.19917454798331
10,severe,2023-12-01,19.061114583333335,18.793,19.192,19.090739578504095,19.061114583333335,19.114114583333333
10,severe,2023-12-05,18.91387638888889,18.519,19.171,18.973370370370372,18.91387638888889,19.018458333333335
10,severe,2023-12-08,18.795999305555554,18.352,19.108,18.867015134832325,18.795999305555554,18.92385486111111
10,severe,2023-12-12,18.225613194444445,17.027,19.235,18.59972314111126,18.225613194444445,18.802270514603617
10,severe,2023-12-15,15.299013212795549,14.504,16.081,16.29303727463555,15.299013212795549,17.285059722222222
10,severe,2023-12-19,15.138464211257817,14.568,15.808,14.810514160217345,14.617853963838664,15.138464211257817
10,severe,2023-12-22,15.502591666666667,15.325,15.703,15.469211226368927,15.390793055555555,15.514248956884561
10,severe,2023-12-26,15.586068749999999,15.513,15.703,15.596227314814813,15.583981944444444,15.61863125
10,severe,2023-12-29,15.309297222222222,14.105,15.703,15.449912268518517,15.309297222222222,15.609109722222222
10,severe,2024-01-02,15.383328233657858,15.199,15.513,15.477018438997064,15.383328233657858,15.581286805555555
10,severe,2024-01-05,14.635658333333334,14.399,14.904,14.889683333333332,14.635658333333334,15.240691666666667
10,severe,2024-01-09,14.157990972222223,14.042,14.399,14.273623957770313,14.157990972222223,14.487383333333334
10,severe,2024-01-12,14.131224305555556,14,14.21,14.140605324074073,14.131224305555556,14.155452777777779
10,severe,2024-01-16,14.251184027777779,14.126,14.337,14.199019444444444,14.136668055555555,14.251184027777779
10,severe,2024-01-19,14.146045833333334,14.063,14.316,14.310560796566733,14.146045833333334,14.454815972222223
10,severe,2024-01-23,14.170760778859528,13.874,14.316,14.17281516702725,14.133225694444445,14.214459027777778
10,severe,2024-01-26,14.120406935598018,13.937,14.316,14.172114057455607,14.120406935598018,14.210559192200558
10,severe,2024-01-30,14.218756944444443,14,14.463,14.193600694444443,14.137979861111111,14.224065277777777
10,severe,2024-02-02,14.41962369337979,14.252,14.715,14.335937758904373,14.111809027777777,14.476380555555556
10,severe,2024-02-06,14.09056675938804,14,14.337,14.121628734610828,14.09056675938804,14.154629861111111
10,severe,2024-02-09,14.053643749999999,13.601,14.504,14.094688194444444,14.026647222222222,14.20377361111111
10,severe,2024-02-13,13.707652748782184,13.433,14.084,13.70214049959406,13.69395138888889,13.707652748782184
10,severe,2024-02-16,13.799969444444445,13.621,13.937,13.757890734301755,13.732486091794158,13.799969444444445
10,severe,2024-02-20,14.306620569840167,14.21,14.442,14.192316789390395,14.025375,14.306620569840167
11,extreme,2023-09-29,15.626255408234472,15.284,16.061,15.572637913855935,15.356361805555556,15.735296527777777
11,extreme,2023-10-03,15.272490972222222,14.15,18.895,15.516874061848506,14.746947185545517,16.53118402777778
11,extreme,2023-10-06,17.73329366736256,17.152,18.265,17.51878677608352,17.382956090651557,17.73329366736256
11,extreme,2023-10-10,19.7244125,18.769,20.658,19.235668055555553,18.742122916666666,19.7244125
11,extreme,2023-10-13,20.936493055555555,20.532,21.162,20.473743518518518,20.05644236111111,20.936493055555555
11,extreme,2023-10-17,22.248361805555554,21.729,22.925,21.68632108027913,21.2259125,22.248361805555554
11,extreme,2023-10-20,21.47223263888889,20.637,23.64,21.319076427942,20.090512617159337,22.39448402777778
11,extreme,2023-10-24,23.229425742574257,23.051,23.325,23.17914190817891,22.97554025974026,23.33245972222222
11,extreme,2023-10-27,23.241506944444446,22.737,23.555,23.16087199074074,23.108233333333335,23.241506944444446
11,extreme,2023-10-31,22.56275833333333,22.233,22.758,22.54377962962963,22.378702083333334,22.689878472222222
11,extreme,2023-11-03,22.361759916492694,21.792,23.115,22.612882009201268,22.361759916492694,22.92647847222222
11,extreme,2023-11-07,22.636247222222224,22.086,23.115,22.799516805555555,22.636247222222224,22.94334
11,extreme,2023-11-10,22.86663168867269,22.485,23.115,22.361452600950475,21.94587830319889,22.86663168867269
11,extreme,2023-11-14,22.997360222531295,22.674,23.303,22.96718095380673,22.90300486111111,23.001177777777777
11,extreme,2023-11-17,23.104185416666667,22.275,23.303,22.990364814814814,22.909015277777776,23.104185416666667
11,extreme,2023-11-21,23.000258333333335,21.918,23.429,22.960693689795495,22.863452777777777,23.018369958275382
11,extreme,2023-11-24,22.960080611535787,22.212,23.367,22.970602206626904,22.956411682892906,22.995314325452018
11,extreme,2023-11-28,22.92590625,22.59,23.094,22.92031849372843,22.91094645340751,22.92590625
11,extreme,2023-12-01,22.540250694444445,22.275,22.842,22.757563348980067,22.540250694444445,22.873105555555554
11,extreme,2023-12-05,22.444197916666667,20.176,22.548,22.67727777777778,22.444197916666667,22.826441666666668
11,extreme,2023-12-08,21.995714583333335,21.855,22.17,22.28684423582136,21.995714583333335,22.636768749999998
11,extreme,2023-12-12,21.763627777777778,20.658,22.485,22.136947935378984,21.763627777777778,22.358882926829267
11,extreme,2023-12-15,19.073922809457578,17.11,19.776,20.050590242041412,19.073922809457578,20.964013194444444
11,extreme,2023-12-19,15.398369006254343,14.801,15.83,16.391704335469626,15.398369006254343,17.31406388888889
11,extreme,2023-12-22,15.369208333333333,15.179,16.313,15.215278136107246,15.106273991655076,15.369208333333333
11,extreme,2023-12-26,15.680433333333333,15.557,15.809,15.684856944444443,15.667147916666666,15.706989583333334
11,extreme,2023-12-29,15.395154166666666,14.99,15.62,15.517211805555554,15.395154166666666,15.667833333333332
11,extreme,2024-01-02,15.296383171070932,15.053,16.187,15.270831890356979,15.195595833333334,15.320516666666666
11,extreme,2024-01-05,14.770272916666666,14.486,14.99,15.034493750000001,14.770272916666666,15.41336875
11,extreme,2024-01-09,14.1777375,14.066,14.423,14.36441635153656,14.1777375,14.649872916666666
11,extreme,2024-01-12,14.126841666666667,13.982,14.234,14.161831944444444,14.126841666666667,14.2153625
11,extreme,2024-01-16,14.318539583333333,14.192,14.423,14.245185416666667,14.152158333333334,14.318539583333333
11,extreme,2024-01-19,14.153757638888889,13.668,16.712,14.375984626925254,14.153757638888889,14.618402083333333
11,extreme,2024-01-23,14.303404728789985,13.898,14.486,14.301998104041106,14.247664583333334,14.354925
11,extreme,2024-01-26,14.278660297239915,14.108,14.78,14.305262113936053,14.278660297239915,14.347759749303622
11,extreme,2024-01-30,14.353729166666668,14.108,14.486,14.365050694444443,14.331314583333334,14.410108333333334
11,extreme,2024-02-02,14.593970731707318,14.486,14.801,14.494077743902437,14.272047916666667,14.616214583333333
11,extreme,2024-02-06,14.256416550764952,14.108,14.36,14.295299266921651,14.256416550764952,14.335995833333333
11,extreme,2024-02-09,14.201578472222222,13.73,14.633,14.25830462962963,14.201578472222222,14.3595625
11,extreme,2024-02-13,13.753986082115519,13.542,13.982,13.7858124903348,13.753986082115519,13.811488194444445
11,extreme,2024-02-16,13.973889583333333,13.794,14.171,13.87949928301911,13.780156944444444,13.973889583333333
11,extreme,2024-02-20,14.453777623349549,14.36,14.528,14.340299848719667,14.1763375,14.453777623349549
12,extreme,2023-09-29,15.529367062107466,15.135,16.018,15.485629066998788,15.273113194444445,15.654406944444444
12,extreme,2023-10-03,15.165280555555556,14.042,18.835,15.421878855236406,14.631654621264767,16.46870138888889
12,extreme,2023-10-06,17.668118997912316,17.027,18.225,17.432010517181862,17.267048158640225,17.668118997912316
12,extreme,2023-10-10,19.706588888888888,18.729,20.664,19.208139583333335,18.711956944444445,19.706588888888888
12,extreme,2023-10-13,20.99168472222222,20.559,21.252,20.504619907407406,20.067843749999998,20.99168472222222
12,extreme,2023-10-17,22.378652083333332,21.82,23.144,21.79180866050027,21.320302777777776,22.378652083333332
12,extreme,2023-10-20,21.55607986111111,20.621,23.838,21.395710667174026,20.08109589041096,22.54995625
12,extreme,2023-10-24,23.335,23.144,23.481,23.312721705146703,23.119562337662337,23.483602777777776
12,extreme,2023-10-27,23.385411805555556,22.829,23.712,23.295474537037038,23.229051388888887,23.385411805555556
12,extreme,2023-10-31,22.694186805555557,22.387,22.892,22.680695833333335,22.519961805555557,22.827938888888887
12,extreme,2023-11-03,22.504398747390397,21.925,23.27,22.760299582463464,22.504398747390397,23.098441666666666
12,extreme,2023-11-07,22.75492708333333,22.177,23.228,22.920044425925926,22.75492708333333,23.069968
12,extreme,2023-11-10,23.023096594857538,22.639,23.27,22.489267853616216,22.050324061196108,23.023096594857538
12,extreme,2023-11-14,23.12116759388039,22.765,23.396,23.099029012774945,23.038883333333334,23.13703611111111
12,extreme,2023-11-17,23.232278472222223,22.387,23.46,23.10886388888889,23.034234722222223,23.232278472222223
12,extreme,2023-11-21,23.167544444444445,22.114,23.586,23.123252803855664,23.02765763888889,23.174556328233656
12,extreme,2023-11-24,23.12122724113968,22.892,23.522,23.129751917653888,23.110239916550764,23.15778859527121
12,extreme,2023-11-28,23.050477083333334,22.829,23.207,23.0425940143203,23.036234027777777,23.050477083333334
12,extreme,2023-12-01,22.6612125,22.387,22.955,22.87584605837583,22.6612125,22.991339583333332
12,extreme,2023-12-05,22.481575,22.387,22.577,22.749436805555558,22.481575,22.928885416666667
12,extreme,2023-12-08,22.05069375,21.904,22.261,22.349272574112707,22.05069375,22.69636388888889
12,extreme,2023-12-12,21.837025,20.747,22.513,22.204737422967764,21.837025,22.42709756097561
12,extreme,2023-12-15,19.153430458970792,18.183,19.823,20.126372421508783,19.153430458970792,21.038827777777776
12,extreme,2023-12-19,15.3799659485754,14.757,15.828,16.386161296076413,15.3799659485754,17.319601388888888
12,extreme,2023-12-22,15.343957638888888,15.135,16.081,15.188636505498893,15.077851877607788,15.343957638888888
12,extreme,2023-12-26,15.657907638888888,15.514,15.766,15.665760416666666,15.646180555555556,15.693193055555556
12,extreme,2023-12-29,15.385297916666666,15.009,15.576,15.495112962962963,15.385297916666666,15.635148611111111
12,extreme,2024-01-02,15.254420027816412,15.03,15.682,15.223165009272138,15.154745833333333,15.260329166666667
12,extreme,2024-01-05,14.7561,14.505,15.388,15.012718287037037,14.7561,15.380076388888888
12,extreme,2024-01-09,14.16804236111111,14.063,14.379,14.353923756370165,14.16804236111111,14.63910138888889
12,extreme,2024-01-12,14.1136625,14,14.189,14.142600462962966,14.1136625,14.18962638888889
12,extreme,2024-01-16,14.296150694444444,14.189,14.42,14.22670277777778,14.13409375,14.296150694444444
12,extreme,2024-01-19,14.136325,14.063,14.252,14.33762169004018,14.136325,14.525189583333333
12,extreme,2024-01-23,14.271447844228094,13.916,14.441,14.257440022150107,14.196933333333334,14.303938888888888
12,extreme,2024-01-26,14.23931847133758,14.126,14.379,14.291152118115313,14.23931847133758,14.332108635097493
12,extreme,2024-01-30,14.314725,14.126,14.441,14.32609976851852,14.291683333333333,14.371890972222221
12,extreme,2024-02-02,14.557770731707317,14.441,14.715,14.458580984643183,14.237140972222223,14.58083125
12,extreme,2024-02-06,14.218952016689848,14.126,14.315,14.25381294074847,14.218952016689848,14.29413125
12,extreme,2024-02-09,14.167019444444444,13.684,14.631,14.22756388888889,14.167019444444444,14.332652777777778
12,extreme,2024-02-13,13.716892832289492,13.496,14,13.74132052742983,13.716892832289492,13.765335416666666
12,extreme,2024-02-16,13.918900694444444,13.748,14.063,13.838056799245352,13.767083333333334,13.918900694444444
12,extreme,2024-02-20,14.40398401667825,14.315,14.462,14.289675024953638,14.124979166666666,14.40398401667825
13,extreme,2023-09-29,15.34432240055827,14.951,15.831,15.30850353166757,15.1066125,15.474575694444445
13,extreme,2023-10-03,15.037281944444445,13.821,18.784,15.256501669433504,14.428211952744961,16.304011111111112
13,extreme,2023-10-06,17.56737369519833,16.899,18.156,17.32778786007636,17.152555949008498,17.56737369519833
13,extreme,2023-10-10,19.630545138888888,18.658,20.605,19.125170601851853,18.612386805555555,19.630545138888888
13,extreme,2023-10-13,20.961390277777777,20.459,21.233,20.462042361111113,20.008403472222223,20.961390277777777
13,extreme,2023-10-17,22.35479722222222,21.799,23.16,21.765293452795174,21.29117777777778,22.35479722222222
13,extreme,2023-10-20,21.54521527777778,20.584,23.935,21.351490669810943,19.993107426099495,22.516149305555555
13,extreme,2023-10-24,23.359138613861386,22.364,23.558,23.30980660625586,23.09705064935065,23.473230555555556
13,extreme,2023-10-27,23.390641666666667,22.741,23.705,23.30627361111111,23.243234027777778,23.390641666666667
13,extreme,2023-10-31,22.710580555555556,22.385,22.888,22.69124583333333,22.52317777777778,22.839979166666666
13,extreme,2023-11-03,22.485017397355602,21.862,23.286,22.766927789859277,22.485017397355602,23.103842361111113
13,extreme,2023-11-07,22.74966388888889,22.176,23.244,22.91493476851852,22.74966388888889,23.06443
13,extreme,2023-11-10,23.033133425990272,22.301,23.286,22.487351295280195,22.039541724617525,23.033133425990272
13,extreme,2023-11-14,23.101047983310153,22.615,23.369,23.084797012955235,23.035506944444446,23.11783611111111
13,extreme,2023-11-17,23.223619444444445,22.385,23.495,23.0874537037037,23.00007986111111,23.223619444444445
13,extreme,2023-11-21,23.16116597222222,22.071,23.621,23.105621495582856,22.996268055555554,23.16116597222222
13,extreme,2023-11-24,23.100633773453787,22.741,23.558,23.11165423417398,23.098900556328232,23.135428372739916
13,extreme,2023-11-28,23.021543055555554,22.28,23.181,23.020116355019834,23.018479166666665,23.021543055555554
13,extreme,2023-12-01,22.62715138888889,21.946,22.93,22.83985805677896,22.62715138888889,22.955020138888887
13,extreme,2023-12-05,22.492549305555556,20.71,22.615,22.740418981481483,22.492549305555556,22.905074305555555
13,extreme,2023-12-08,22.049413194444444,21.904,22.238,22.34256876577551,22.049413194444444,22.698259027777777
13,extreme,2023-12-12,21.79886527777778,20.731,22.532,22.184172565563667,21.79886527777778,22.416726132404182
13,extreme,2023-12-15,19.081196801112657,18.281,19.789,20.057652174444957,19.081196801112657,20.98547361111111
13,extreme,2023-12-19,15.228581653926337,14.574,15.705,16.259046782184996,15.228581653926337,17.2163
13,extreme,2023-12-22,15.211404861111111,15.015,15.684,15.047436851594291,14.930099443671766,15.211404861111111
13,extreme,2023-12-26,15.526947222222223,15.37,15.705,15.528658333333333,15.505291666666666,15.553736111111112
13,extreme,2023-12-29,15.27673125,14.868,15.517,15.386637268518518,15.27673125,15.525883333333333
13,extreme,2024-01-02,15.130066063977747,14.889,15.579,15.094102113918508,15.019852777777778,15.1323875
13,extreme,2024-01-05,14.626227083333333,14.386,14.889,14.883829398148146,14.626227083333333,15.251365277777778
13,extreme,2024-01-09,14.04288125,13.946,14.323,14.222780382306384,14.04288125,14.504208333333333
13,extreme,2024-01-12,13.965569444444444,13.821,14.072,13.995214814814815,13.965569444444444,14.04838125
13,extreme,2024-01-16,14.14204375,14.03,14.261,14.06975138888889,13.977579861111112,14.14204375
13,extreme,2024-01-19,13.960945138888889,13.507,16.522,14.158196815278421,13.960945138888889,14.358524305555555
13,extreme,2024-01-23,14.115673157162727,13.821,14.261,14.090717904239426,14.027258333333334,14.129222222222221
13,extreme,2024-01-26,14.079212314225053,13.946,14.721,14.135045701770467,14.079212314225053,14.165960306406685
13,extreme,2024-01-30,14.124740277777777,13.946,14.323,14.141346296296296,14.107624999999999,14.19167361111111
13,extreme,2024-02-02,14.394825783972125,14.261,14.7,14.286433826138856,14.05588611111111,14.408589583333333
13,extreme,2024-02-06,14.065718358831711,14.009,14.197,14.090901027017978,14.065718358831711,14.129322222222223
13,extreme,2024-02-09,14.011216666666666,13.569,14.491,14.077441435185184,14.011216666666666,14.194223611111111
13,extreme,2024-02-13,13.565867084203202,13.318,13.925,13.586360787326994,13.565867084203202,13.608908333333334
13,extreme,2024-02-16,13.748872222222221,13.569,13.925,13.678640517629937,13.62653125,13.748872222222221
13,extreme,2024-02-20,14.231635858234885,14.135,14.323,14.126007966047903,13.965999305555556,14.231635858234885
14,extreme,2023-09-29,15.282638520586183,14.907,15.788,15.240277655010209,15.029059722222222,15.409134722222221
14,extreme,2023-10-03,14.940077777777777,13.775,18.661,15.17557649119759,14.366441973592773,16.220209722222222
14,extreme,2023-10-06,17.452990257480863,16.794,17.99,17.2219767783269,17.062262747875355,17.452990257480863
14,extreme,2023-10-10,19.504527083333333,18.535,20.464,19.005296527777777,18.503895833333335,19.504527083333333
14,extreme,2023-10-13,20.798502083333332,20.317,21.072,20.31901087962963,19.88498263888889,20.798502083333332
14,extreme,2023-10-17,22.190370833333333,21.638,22.959,21.601144433329466,21.136078472222223,22.190370833333333
14,extreme,2023-10-20,21.378396527777777,20.443,23.713,21.194902579675027,19.848361211247298,22.35795
14,extreme,2023-10-24,23.155851485148514,22.959,23.294,23.12810872015773,22.923224675324676,23.30525
14,extreme,2023-10-27,23.19282638888889,22.602,23.525,23.105156944444445,23.047050694444444,23.19282638888889
14,extreme,2023-10-31,22.511074999999998,22.141,22.707,22.49030462962963,22.320841666666666,22.638997222222223
14,extreme,2023-11-03,22.32698816979819,21.764,23.127,22.591364575117918,22.32698816979819,22.93197361111111
14,extreme,2023-11-07,22.57053402777778,21.973,23.084,22.745625925925925,22.57053402777778,22.903483333333334
14,extreme,2023-11-10,22.833384989576093,22.455,23.084,22.294272898844458,21.855104311543812,22.833384989576093
14,extreme,2023-11-14,22.929831015299026,22.12,23.231,22.907072606951527,22.844674305555554,22.9467125
14,extreme,2023-11-17,23.06028263888889,21.449,23.357,22.925863657407408,22.847120833333335,23.06028263888889
14,extreme,2023-11-21,22.992884027777777,21.89,23.462,22.935162917246174,22.817703472222224,22.994901251738526
14,extreme,2023-11-24,22.94633078526755,22.645,23.399,22.96474169430105,22.94633078526755,22.992913073713492
14,extreme,2023-11-28,22.826345833333335,22.581,23.001,22.851498923079898,22.826345833333335,22.87567385257302
14,extreme,2023-12-01,22.455430555555555,22.141,22.77,22.66722345239015,22.455430555555555,22.77858263888889
14,extreme,2023-12-05,22.327079166666667,22.204,22.455,22.570274074074074,22.327079166666667,22.73507222222222
14,extreme,2023-12-08,21.87882013888889,21.764,22.078,22.187212335162002,21.87882013888889,22.548672916666664
14,extreme,2023-12-12,21.63374236111111,20.506,22.351,22.013216108064597,21.63374236111111,22.24259163763066
14,extreme,2023-12-15,18.946407510431154,18.157,19.625,19.913435605328903,18.946407510431154,20.830125694444444
14,extreme,2023-12-19,15.0711382904795,14.404,15.536,16.118566697390555,15.0711382904795,17.093064583333334
14,extreme,2023-12-22,15.0485625,14.845,15.536,14.885814128097152,14.76951668984701,15.0485625
14,extreme,2023-12-26,15.366877777777779,15.222,15.683,15.371658796296297,15.35072986111111,15.39736875
14,extreme,2023-12-29,15.10859861111111,14.719,15.348,15.218790277777778,15.10859861111111,15.361122222222223
14,extreme,2024-01-02,14.962833101529903,14.719,15.474,14.927522607917375,14.854630555555556,14.965104166666666
14,extreme,2024-01-05,14.46260486111111,14.216,14.719,14.722149537037035,14.46260486111111,15.090179166666667
14,extreme,2024-01-09,13.881997916666666,13.775,14.132,14.063194794964353,13.881997916666666,14.346072222222222
14,extreme,2024-01-12,13.839069444444444,13.419,13.943,13.859360879629628,13.838161805555556,13.900851388888888
14,extreme,2024-01-16,14.02728125,13.901,14.152,13.956480324074073,13.864880555555555,14.02728125
14,extreme,2024-01-19,13.878745833333333,13.482,16.123,14.061320202312883,13.878745833333333,14.245577777777777
14,extreme,2024-01-23,14.051313630041724,13.649,14.216,14.045251765569462,13.984416666666666,14.100025
14,extreme,2024-01-26,13.998510969568294,13.838,14.152,14.053583972214502,13.998510969568294,14.09700417827298
14,extreme,2024-01-30,14.066350694444445,13.838,14.216,14.082168981481482,14.047696527777777,14.132459722222222
14,extreme,2024-02-02,14.319896864111499,14.216,14.53,14.223045482481611,14.002,14.347239583333334
14,extreme,2024-02-06,13.99101668984701,13.838,14.09,14.022247229949002,13.99101668984701,14.061052083333333
14,extreme,2024-02-09,13.936086805555556,13.461,14.404,13.997706712962964,13.936086805555556,14.11002361111111
14,extreme,2024-02-13,13.480880306193459,13.272,13.713,13.508097370583004,13.480880306193459,13.531944444444445
14,extreme,2024-02-16,13.696255555555556,13.523,13.859,13.606169813720186,13.51645625,13.696255555555556
14,extreme,2024-02-20,14.183970813064628,14.09,14.278,14.069475114296667,13.904193055555556,14.183970813064628
15,extreme,2023-09-29,15.548111653872994,15.159,16.039,15.512902727216924,15.316575694444445,15.674020833333334
15,extreme,2023-10-03,15.228527083333333,14.048,18.871,15.445001214835406,14.65724808895066,16.449228472222224
15,extreme,2023-10-06,17.683349338900488,17.046,18.242,17.457555632702952,17.29998654390935,17.683349338900488
15,extreme,2023-10-10,19.696519444444444,18.745,20.632,19.205386342592593,18.711134722222223,19.696519444444444
15,extreme,2023-10-13,20.98838263888889,20.527,21.261,20.49713611111111,20.054445833333332,20.98838263888889
15,extreme,2023-10-17,22.343597916666667,21.826,23.106,21.758453433078174,21.302152083333333,22.343597916666667
15,extreme,2023-10-20,21.535529166666667,20.611,23.839,21.359048793358966,20.04039221341024,22.501224999999998
15,extreme,2023-10-24,23.30079207920792,23.106,23.462,23.267601845065457,23.062466233766234,23.439547222222224
15,extreme,2023-10-27,23.34176736111111,22.77,23.651,23.259465509259257,23.19902777777778,23.34176736111111
15,extreme,2023-10-31,22.651511111111112,22.33,22.833,22.629005787037034,22.461031944444443,22.774474305555554
15,extreme,2023-11-03,22.46217884481559,21.826,23.274,22.73043114271631,22.46217884481559,23.064841666666666
15,extreme,2023-11-07,22.693553472222224,22.12,23.21,22.876172416666666,22.693553472222224,23.039136
15,extreme,2023-11-10,22.981968033356498,22.56,23.21,22.43125245858225,21.983863699582752,22.981968033356498
15,extreme,2023-11-14,23.09051947148818,22.519,23.399,23.057894221977538,22.992538194444442,23.090625
15,extreme,2023-11-17,23.207641666666667,22.393,23.588,23.075589814814816,22.99236875,23.207641666666667
15,extreme,2023-11-21,23.148665972222222,22.036,23.588,23.093732538118786,22.978249305555554,23.154282336578582
15,extreme,2023-11-24,23.0869298123697,22.665,23.546,23.093105718634124,23.07633936022253,23.116047983310153
15,extreme,2023-11-28,22.99826875,22.707,23.21,23.024609593442538,22.99826875,23.04922183588317
15,extreme,2023-12-01,22.579120833333334,22.267,22.896,22.79794175069541,22.579120833333334,22.917022916666667
15,extreme,2023-12-05,22.48974236111111,22.414,22.581,22.728247916666664,22.48974236111111,22.885120833333332
15,extreme,2023-12-08,22.027086805555555,21.89,22.246,22.322592985692577,22.027086805555555,22.674843055555556
15,extreme,2023-12-12,21.776052777777778,20.694,22.519,22.170014311968288,21.776052777777778,22.40294912891986
15,extreme,2023-12-15,19.0935,18.325,19.793,20.051799305555555,19.0935,20.96606736111111
15,extreme,2023-12-19,15.250097984711605,14.593,15.725,16.290254302674434,15.250097984711605,17.25742013888889
15,extreme,2023-12-22,15.22733888888889,15.033,15.893,15.063333754120949,14.947908901251738,15.22733888888889
15,extreme,2023-12-26,15.531833333333333,15.453,15.83,15.534416203703705,15.516215277777778,15.5552
15,extreme,2023-12-29,15.270733333333334,14.928,15.495,15.383861574074075,15.270733333333334,15.527778472222222
15,extreme,2024-01-02,15.13156397774687,14.907,15.6,15.095219242582289,15.018952083333334,15.135141666666668
15,extreme,2024-01-05,14.659794444444444,14.404,14.907,14.914829398148148,14.659794444444444,15.277127777777778
15,extreme,2024-01-09,14.084863194444445,13.964,14.342,14.259943779598743,14.084863194444445,14.538840277777778
15,extreme,2024-01-12,14.047541666666666,13.901,14.53,14.068811342592591,14.047541666666666,14.11020486111111
15,extreme,2024-01-16,14.220751388888889,14.09,14.342,14.149310185185184,14.057227083333332,14.220751388888889
15,extreme,2024-01-19,14.070535416666667,13.587,15.851,14.252044757701023,14.070535416666667,14.436422222222221
15,extreme,2024-01-23,14.200305980528512,13.901,14.362,14.18337653054654,14.120592361111111,14.22923125
15,extreme,2024-01-26,14.13545576786978,13.964,14.342,14.197946258742107,14.13545576786978,14.230582869080779
15,extreme,2024-01-30,14.146995138888888,13.964,14.342,14.165247685185184,14.133311805555556,14.21543611111111
15,extreme,2024-02-02,14.416324041811846,14.278,14.656,14.30994852319654,14.079796527777777,14.433725
15,extreme,2024-02-06,14.00106397774687,13.88,14.09,14.028230816656363,14.00106397774687,14.06668125
15,extreme,2024-02-09,13.93089236111111,13.461,14.404,13.995168981481479,13.93089236111111,14.111888888888888
15,extreme,2024-02-13,13.481201809324983,13.251,13.775,13.508395047552773,13.481201809324983,13.534129861111111
15,extreme,2024-02-16,13.678324305555556,13.523,13.838,13.600090613570805,13.532722222222223,13.678324305555556
15,extreme,2024-02-20,14.152581653926337,14.069,14.216,14.045610531025977,13.889793749999999,14.152581653926337
